ID,Épica,Módulo,Historia/Requerimiento,Tarea,Capa,Descripción,Criterios de aceptación,Prioridad,Responsable,Dependencias,Estado,Estimación (h),Riesgo,Evidencia,Bloque,ADR origen
FND-BD-01,Plataforma de datos,Infraestructura BD,"Como equipo de desarrollo necesito que todo cambio de esquema sea reproducible entre entornos, para no depender de un volcado manual.",Crear migración: adoptar migraciones versionadas y baseline del esquema,BD,Incorporar una herramienta de migraciones versionadas al backend y generar la migración baseline a partir de database/bdintervewebpack.sql (14 tablas). Declarar el volcado de Navicat como artefacto histórico y prohibir cambios manuales al esquema.,1) Una base de datos vacía llega al esquema actual ejecutando solo migraciones 2) Cada cambio posterior es un archivo versionado con up y down 3) El pipeline de CI ejecuta las migraciones sobre una BD limpia y falla si alguna no aplica 4) El volcado de Navicat deja de ser la fuente de verdad y queda marcado como histórico,Crítica,Dev BD,-,Pendiente,16,Medio,"PR con carpeta de migraciones, log de ejecución sobre BD limpia y job de CI en verde",Fundación,"ADR-0003 B6, 0011 B14, 0013 B10, 0027 B11"
FND-BD-02,Plataforma de datos,Transversal CORE,Como área contable necesito que los importes no pierdan centavos por el tipo de dato.,Crear columna: fijar la convención monetaria DECIMAL de todo el CORE,BD,Definir y documentar el tipo y la precisión de importes y porcentajes (DECIMAL con precisión y escala fijas) antes de crear la primera tabla del CORE. Hoy el esquema no tiene ninguna columna monetaria ni convención de precisión.,"1) Documento de convención aprobado con precisión y escala para importes, porcentajes y tarifas 2) Ninguna columna monetaria declarada como FLOAT o DOUBLE 3) Plantilla de migración que aplica la convención 4) Regla de revisión de código que rechaza un PR que la incumpla",Crítica,Dev BD + Tech Lead,FND-BD-01 DEC-06,Pendiente,8,Alto,Documento de convención en docs/ y plantilla de migración en el PR,Fundación,"ADR-0016 B3, 0020 B6, 0026 B7"
FND-BD-03,Plataforma de datos,Conexión MySQL,Como usuario necesito que las fechas de vigencia y los cálculos de estado no cambien según la zona del servidor.,Modificar configuración: zona horaria explícita en la conexión y en la sesión,BD,"Declarar la zona horaria en la configuración del pool de MySQL y en la sesión de cada conexión, de modo que NOW() y todo cálculo de vigencia sean deterministas. Hoy es implícita.",1) La zona horaria está declarada en la configuración del pool y es la misma en todos los entornos 2) Una prueba compara la fecha del servidor de aplicación con NOW() de la BD y exige coincidencia 3) El valor está documentado en el README de despliegue,Alta,Dev BD,FND-BD-01,Pendiente,4,Bajo,PR de configuración y prueba automatizada de coincidencia de fecha,Fundación,"ADR-0002, 0013 B8, 0015 B13, 0018 B7"
FND-BD-04,Plataforma de datos,tbl_status,Como desarrollador necesito comparar estados por clave simbólica y no por un número escrito en el código.,Crear migración: sembrar tbl_status con clave simbólica y ampliar sta_scope,BD,"Sembrar y versionar los datos de tbl_status con sta_key y sta_color, y ampliar el enum de sta_scope para admitir el ámbito de contratos y de facturas. Hoy la tabla no tiene datos sembrados y los estados viven codificados en el código.",1) Los cuatro estados de contrato y los tres de factura están sembrados con sta_key y sta_color 2) La migración de semillas es idempotente y se puede reejecutar 3) Ninguna consulta ni servicio compara estados por identificador numérico literal 4) El defecto del sta_id = 4 inexistente queda corregido,Crítica,Dev BD,FND-BD-01,Pendiente,6,Bajo,Migración de semillas y búsqueda en código sin literales de estado,Fundación,"ADR-0013 B14, 0017 B4 B5 B7, 0001 B13"
FND-BD-05,Autorización,tbl_pages / tbl_permissions,Como administrador necesito que el catálogo de páginas y permisos sea un dato versionado y no un archivo del frontend.,Crear migración: sembrar y versionar tbl_pages y tbl_permissions,BD,"Sembrar el catálogo de páginas y permisos como datos versionados con el código. Hoy el volcado no contiene datos y el catálogo solo existe, implícitamente, en permissionsConfig.js del cliente.",1) El catálogo completo está sembrado con claves estables y descripción 2) La migración es idempotente 3) permissionsConfig.js deja de ser la definición del catálogo 4) Cada permiso sembrado corresponde a una funcionalidad existente o planificada,Alta,Dev BD,FND-BD-01,Pendiente,8,Bajo,Migración de semillas y comparación contra permissionsConfig.js,Fundación,ADR-0014 B14 B7
FND-BD-06,Auditoría,Esquema completo,Como auditor necesito que el autor registrado en cada fila sea un usuario real del sistema.,Validar integridad y crear FK de las columnas de autoría a tbl_users,BD,Depurar valores inválidos en las columnas de creación y actualización por usuario y declarar clave foránea a tbl_users.use_id. El esquema actual no impide que apunten a un usuario inexistente.,1) Consulta de depuración ejecutada y su resultado documentado antes de crear la FK 2) FK declarada en las siete tablas que ya tienen el patrón de cuatro columnas 3) La creación de la FK falla de forma controlada si quedan valores huérfanos 4) Migración con rollback probado,Media,Dev BD,FND-BD-01,Pendiente,10,Medio,"Script de depuración, su salida y la migración de FK",Fundación,ADR-0013 B4
FND-BD-07,Auditoría,Esquema de negocio,"Como auditor necesito saber quién eliminó un registro y cuándo, sin que ese rastro se sobrescriba.",Crear columna de eliminación por usuario y fecha en las tablas de negocio,BD,"Añadir columnas de eliminación a las tablas del dominio de negocio, pobladas en la eliminación lógica. El estado sta_id = 3 sigue determinando la visibilidad; estas columnas conservan la evidencia del evento.","1) Las tablas de negocio tienen las dos columnas con FK del autor a tbl_users 2) La eliminación lógica las puebla dentro de la misma transacción 3) Ninguna operación posterior las sobrescribe 4) Las tablas de catálogo estable quedan exentas, según el alcance declarado",Media,Dev BD,FND-BD-01 FND-BD-06,Pendiente,8,Bajo,Migración y prueba de eliminación lógica que verifica las columnas,Fundación,ADR-0013 B5
FND-BD-08,Auditoría,Bitácora funcional,Como auditor necesito el valor anterior y el nuevo de cada cambio sobre información crítica.,Crear tabla de bitácora de auditoría funcional,BD,"Crear la tabla de bitácora con entidad, identificador de registro, campo, valor anterior, valor nuevo, operación, usuario y fecha. Se escribe desde la capa de servicio y nunca mediante disparadores, porque el servicio conoce el usuario de la sesión y el contexto de negocio.",1) Tabla creada con índice por entidad y registro para consultar el historial 2) FK del usuario a tbl_users 3) No se declara ningún trigger sobre las tablas auditadas 4) Los registros de bitácora no admiten actualización ni borrado desde la aplicación,Alta,Dev BD,FND-BD-01 FND-BD-06,Pendiente,10,Medio,Migración de la tabla y consulta de historial de ejemplo,Fundación,ADR-0013 B2
FND-BD-09,Seguridad,Seguridad y autorización,Como administrador necesito que no puedan existir dos usuarios con el mismo correo ni permisos duplicados.,"Crear UNIQUE en use_user, use_email, pro_name y tablas de unión",BD,"Aplicar restricciones UNIQUE sobre tbl_users.use_user y use_email, tbl_profiles.pro_name y los pares de perfil-permiso, usuario-permiso y perfil-página. Hoy el esquema no tiene ninguna restricción UNIQUE, lo que permite duplicados por concurrencia.",1) Depuración de duplicados existentes ejecutada y documentada antes de aplicar 2) Las seis restricciones aplicadas por migración 3) Una inserción duplicada devuelve ER_DUP_ENTRY y el backend responde 409 4) Prueba de concurrencia que intenta dos registros simultáneos con el mismo correo,Alta,Dev BD,FND-BD-01,Pendiente,8,Medio,"Script de depuración, migración y prueba de concurrencia",Fundación,"ADR-0001 B12, 0014 B12"
FND-BD-10,Seguridad,Autenticación OTP,Como usuario necesito que el registro y la verificación por código funcionen.,Crear tabla otp_codes o retirar el autorregistro,BD,"El backend consulta y escribe en otp_codes, una tabla que no existe en el esquema: el registro y la verificación fallan. Decidir si se crea con hash del código, expiración y contador de intentos, o si se retira la funcionalidad de autorregistro.","1) Decisión tomada y registrada 2) Si se crea: almacena hash y no el código en claro, con expiración, contador de intentos y un único código vigente por usuario 3) Si se retira: el código muerto del servicio y las rutas asociadas desaparecen 4) El flujo elegido queda cubierto por una prueba",Alta,Dev BD + Dev Backend,FND-BD-01,Pendiente,6,Medio,Migración o PR de retiro y prueba del flujo,Fundación,ADR-0001 B10
FND-BD-11,Plataforma de datos,tbl_documents,"Como usuario necesito adjuntar documentos a obras, proveedores, contratos, pólizas y facturas.",Modificar columna: ampliar el enum doc_type de tbl_documents,BD,"El enum doc_type admite hoy solo USERS, PROFILES, PAGINAS y PERMISOS. Ampliarlo a las entidades de negocio o sustituirlo por una tabla de dominio. Además doc_id_ref no tiene clave foránea y el JOIN interno a tbl_users oculta documentos con autor nulo.","1) doc_type admite obras, proveedores, contratos, pólizas y facturas 2) Se documenta la decisión sobre doc_id_ref polimórfico y su falta de integridad referencial 3) Migración reversible 4) El JOIN interno a tbl_users queda corregido a externo",Media,Dev BD,FND-BD-01,Pendiente,6,Bajo,Migración y consulta que lista documentos de cada tipo,Fundación,"ADR-0011 B9, 0012 B14, 0018 B8, 0020 B15, 0013 B13"
FND-BD-12,Auditoría,tbl_providers / tbl_password_resets,Como desarrollador necesito que las columnas de auditoría sigan una sola convención.,Modificar columna: corregir pro_update_at y par_created_at,BD,Renombrar tbl_providers.pro_update_at al prefijo correcto prv_ y alinear tbl_password_resets.par_created_at con la convención de cuatro columnas del proyecto.,1) Ambas columnas renombradas por migración 2) Todas las consultas que las referencian actualizadas 3) El módulo template deja de propagar la convención en español,Baja,Dev BD,FND-BD-01,Pendiente,4,Bajo,Migración y búsqueda en código sin referencias al nombre antiguo,Fundación,ADR-0013 B11 B12 B9
FND-BD-13,Plataforma de datos,Esquema completo,Como desarrollador necesito que los JOIN entre tablas nuevas y tbl_users no fallen ni degraden por colación.,Modificar columna: unificar colaciones del esquema,BD,Unificar la colación de todas las tablas y columnas de texto. Hoy hay divergencias entre tbl_providers y tbl_users que afectarán a los JOIN de las tablas nuevas.,1) Una sola colación declarada para la base de datos y para cada tabla 2) Consulta de verificación que no devuelve ninguna divergencia 3) Las tablas nuevas heredan la colación por defecto,Baja,Dev BD,FND-BD-01,Pendiente,4,Bajo,Migración y consulta de information_schema sin divergencias,Fundación,"ADR-0011 B15, 0008 B10"
FND-BD-14,Integridad transaccional,Transversal CORE,Como usuario necesito que un doble clic o un reenvío no cree dos registros.,Crear columna y UNIQUE: patrón de clave de idempotencia,BD,"Definir el patrón de columna de clave de idempotencia con restricción UNIQUE, aplicable a toda entidad creable y a todo historial de transición del CORE. Sin idempotencia, un doble envío duplica facturas y transiciones.","1) Patrón documentado: nombre de columna, tipo, índice UNIQUE y política de caducidad 2) Plantilla de migración reutilizable 3) Toda tabla creable del CORE lo incorpora desde su creación 4) Prueba que envía la misma clave dos veces y obtiene una sola fila",Alta,Dev BD + Tech Lead,FND-BD-01,Pendiente,6,Medio,"Documento de patrón, plantilla de migración y prueba de repetición",Fundación,ADR-0027 B3
FND-BD-15,Plataforma de datos,Esquema completo,Como responsable técnico necesito saber qué índices tiene hoy el esquema antes de añadir las tablas del CORE.,Revisar impacto de índices del esquema existente,BD,"Inventariar los índices actuales de las 14 tablas, identificar los que no se usan y los que faltan en las claves foráneas, y fijar el criterio de indexación para las tablas del CORE.",1) Inventario de índices con su uso real documentado 2) Toda clave foránea tiene índice 3) Criterio de indexación del CORE acordado y escrito 4) Los índices que no se usan quedan marcados para retiro con justificación,Media,Dev BD,FND-BD-01,Pendiente,8,Bajo,Informe de inventario de índices en docs/,Fundación,"ADR-0002, 0027"
FND-BE-01,Seguridad,auth.service.js,Como responsable de seguridad necesito que nadie entre con una contraseña universal.,Regla de negocio: eliminar la puerta trasera de autenticación,Backend,auth.service.js admite la contraseña 123456 para cualquier usuario y además sobrescribe la contraseña real. Eliminar la rama por completo y tratar todas las credenciales existentes como comprometidas.,1) La rama de la contraseña fija no existe en el código 2) Un intento con esa contraseña devuelve 401 como cualquier credencial inválida 3) Prueba automatizada que lo verifica 4) Comunicación de rotación de contraseñas a los usuarios afectados,Crítica,Dev Backend,-,Pendiente,3,Alto,PR con la rama eliminada y prueba de login fallido,Fundación,ADR-0001 B1
FND-BE-02,Seguridad,auth.service.js,Como responsable de seguridad necesito que ningún secreto viva en el repositorio.,Manejo de errores y configuración: retirar el fallback del secreto y rotarlo,Backend,"El secreto de restablecimiento está embebido como valor de reserva en el código. Retirarlo, obtenerlo solo de variables de entorno y hacer que el arranque falle si falta. Rotar el valor actual en todos los entornos asumiéndolo comprometido.",1) Ningún secreto tiene valor de reserva en el código 2) El servidor no arranca si falta un secreto obligatorio y el mensaje lo nombra 3) Secreto rotado en todos los entornos 4) Búsqueda en el repositorio sin coincidencias de secretos literales,Crítica,Dev Backend,-,Pendiente,4,Alto,"PR, registro de rotación y prueba de arranque fallido sin variable",Fundación,ADR-0001 B3
FND-BE-03,Seguridad,auth.controller.js,Como usuario necesito que el código de restablecimiento llegue solo a mi correo.,Respuestas HTTP: dejar de devolver el token de restablecimiento en el cuerpo,Backend,"forgot_password devuelve el token en la respuesta HTTP, lo que permite restablecer la contraseña de cualquier cuenta sin acceso al correo. El token debe viajar únicamente por el canal de correo.",1) La respuesta de forgot_password no contiene el token ni ningún dato del usuario 2) El cliente deja de leerlo y solicita el código al usuario 3) Prueba de integración que inspecciona el cuerpo de la respuesta,Crítica,Dev Backend,-,Pendiente,4,Alto,PR y prueba de integración sobre el cuerpo de la respuesta,Fundación,ADR-0001 B4
FND-BE-04,Seguridad,auth.controller.js,Como usuario necesito que un script en el navegador no pueda leer mi token de sesión.,"Respuestas HTTP: cookie de sesión httpOnly, secure y sameSite",Backend,"La cookie de sesión se emite sin httpOnly y el frontend hidrata al usuario desde una cookie legible por JavaScript. Emitir el token exclusivamente en cookie httpOnly, secure y sameSite, conservando el header Authorization solo para clientes no navegador.","1) La cookie de sesión tiene httpOnly, secure y sameSite 2) El token no se devuelve en el cuerpo de login 3) El cliente obtiene su perfil por endpoint y no desde una cookie legible 4) El guardia de ruta del cliente queda declarado como control de experiencia, no de seguridad",Alta,Dev Backend + Dev Frontend,FND-BE-03,Pendiente,10,Medio,Captura de cabeceras Set-Cookie y prueba de acceso desde JavaScript,Fundación,ADR-0001 B5
FND-BE-05,Seguridad,app.js,Como responsable de plataforma necesito que los controles ya escritos estén activos.,"Logs y manejo de errores: montar helmet, rate limit y logger HTTP persistente",Backend,"helmet, el rate limiting y el logger HTTP con winston están implementados y no montados en app.js. Montarlos, con un umbral de rate limit más estricto en las rutas de autenticación.","1) helmet activo y verificable en las cabeceras de respuesta 2) Rate limit activo, con umbral diferenciado en /auth 3) Logger HTTP escribiendo en logs/api.log y logs/error-api.log 4) Política de rotación y retención de logs definida",Alta,Dev Backend,-,Pendiente,6,Bajo,"Cabeceras de respuesta, archivos de log generados y prueba de rate limit",Fundación,"ADR-0001 B6, 0013 B7, 0027 B10"
FND-BE-06,Seguridad,server/socket.js,Como usuario necesito que nadie más reciba mis notificaciones.,Permisos: autenticar el handshake de Socket.IO y alinear orígenes con CORS,Backend,"La conexión de socket acepta el userId desde handshake.auth sin verificar el token: cualquier cliente puede unirse a la sala de otro usuario. Verificar el token en el handshake y alinear la lista de orígenes con la de CORS, hoy desalineadas.",1) El handshake rechaza la conexión si el token es inválido o falta 2) La sala se deriva del token y nunca del dato enviado por el cliente 3) Las listas de orígenes de CORS y Socket.IO son la misma 4) Prueba que intenta unirse a la sala de otro usuario y es rechazada,Alta,Dev Backend,-,Pendiente,8,Medio,PR y prueba de conexión con token ajeno rechazada,Fundación,"ADR-0001 B11, 0017 B12"
FND-BE-07,Seguridad,auth.routes.js / auth.controller.js,Como usuario necesito que nadie modifique mi cuenta ni mi contraseña usando mi identificador.,Validaciones: corregir IDOR tomando el sujeto de req.user,Backend,"update_account, get_basic_information y update_password aceptan el identificador del sujeto desde la petición; update_password además carece de verifyToken. Tomar siempre el sujeto de req.user y aceptar identificadores del cliente solo cuando designan un objeto distinto y la autorización lo permite.",1) Las tres operaciones toman el sujeto de req.user 2) update_password exige verifyToken 3) Un intento con el identificador de otro usuario devuelve 403 4) Pruebas de integración para los tres casos,Alta,Dev Backend,-,Pendiente,8,Alto,PR y tres pruebas de integración con identificador ajeno,Fundación,ADR-0001 B9
FND-BE-08,Seguridad,authjwt.middleware.js / app.service.js,Como responsable técnico necesito una sola definición de sesión válida.,Reglas de negocio: unificar las dos verificaciones de token,Backend,Existen dos verificaciones de token con criterios distintos: una exige sta_id = 1 y otra admite un estado 4 que no existe en el catálogo. Unificarlas en una sola implementación.,1) Una única función de verificación usada por todas las rutas 2) El criterio de estado es único y coincide con el catálogo sembrado 3) La segunda implementación queda eliminada 4) Prueba con usuario inactivo rechazado en todas las rutas,Media,Dev Backend,FND-BD-04,Pendiente,6,Medio,PR y prueba de usuario inactivo en rutas de ambos orígenes,Fundación,ADR-0001 B13
FND-BE-09,Seguridad,auth.routes.js,Como usuario necesito poder cerrar sesión de verdad.,Endpoint: logout de servidor que limpia la cookie,Backend,"El cliente invoca /auth/logout y /auth/reset_password, endpoints que no existen en el backend. Implementar el logout que limpia la cookie del lado del servidor y resolver el segundo endpoint o retirar su llamada.",1) POST /auth/logout limpia la cookie de sesión y responde 200 2) El cliente deja de invocar endpoints inexistentes 3) Se documenta la decisión sobre control de sesión concurrente y refresh token 4) Prueba que verifica que la cookie queda invalidada,Media,Dev Backend + Dev Frontend,FND-BE-04,Pendiente,6,Bajo,PR y prueba de logout con cookie invalidada,Fundación,ADR-0001 B14
FND-BE-10,Seguridad,auth.service.js,Como responsable de seguridad necesito que el sistema no revele qué correos están registrados.,Respuestas HTTP: respuesta uniforme en recuperación de contraseña,Backend,"forgot_password devuelve 404 cuando el correo no existe, lo que permite enumerar usuarios. La respuesta debe ser idéntica para correo existente e inexistente.","1) La respuesta es idéntica en cuerpo, código y tiempo aproximado para ambos casos 2) No se envía correo cuando la cuenta no existe, pero la respuesta no lo revela 3) Prueba que compara ambas respuestas",Alta,Dev Backend,-,Pendiente,4,Medio,Prueba comparativa de respuestas,Fundación,ADR-0001 B7
FND-BE-11,Seguridad,otp.utils.js / auth.service.js,Como usuario necesito que el código de verificación no sea adivinable ni reutilizable.,Reglas de negocio: rediseñar el OTP con generación criptográfica y límite de intentos,Backend,"El código se genera con Math.random, se almacena en texto plano, no invalida los anteriores y no limita intentos. Rediseñarlo con generador criptográficamente seguro, almacenamiento con hash, un único código vigente por usuario, expiración y límite de intentos.",1) El código se genera con un generador criptográficamente seguro 2) Se almacena con hash y nunca en claro 3) Un código nuevo invalida los anteriores del mismo usuario 4) Superado el límite de intentos el código queda inutilizado y se registra el evento,Alta,Dev Backend,FND-BD-10,Pendiente,12,Medio,"PR y pruebas de expiración, invalidación y límite de intentos",Fundación,ADR-0001 B8
FND-BE-12,Seguridad,Rutas públicas,Como responsable técnico necesito que ninguna petición mal formada llegue a la capa de servicio.,Validaciones: introducir validación de esquema con express-validator,Backend,"express-validator está declarado como dependencia y no se usa; no hay validación de esquema en ningún endpoint. Introducirla en los endpoints públicos y extenderla al resto como parte del pipeline verifyToken, requirePermission, validación de esquema, regla de negocio.",1) Todos los endpoints públicos tienen esquema de entrada declarado 2) Una petición inválida devuelve 400 con el campo señalado 3) El pipeline de middlewares queda documentado y aplicado en el mismo orden 4) Pruebas de entradas inválidas por endpoint público,Media,Dev Backend,-,Pendiente,12,Bajo,PR con esquemas y pruebas de entradas inválidas,Fundación,"ADR-0001 B17, 0023 B14"
FND-BE-13,Autorización,common/middlewares,Como responsable de seguridad necesito que el backend decida si una operación está permitida.,Permisos: construir el middleware requirePermission,Backend,Ninguna ruta del backend verifica permisos hoy: cualquier usuario autenticado podría aprobar facturas o liquidar contratos. Construir un middleware declarativo que resuelva los permisos efectivos en cada petición y responda 403 si falta el permiso.,"1) El middleware resuelve permisos desde la base de datos en cada petición, nunca desde el token ni el cuerpo 2) Devuelve 403 con un mensaje que nombra el permiso faltante 3) Se declara junto a la ruta y es auditable de un vistazo 4) Prueba con usuario sin permiso rechazado",Crítica,Dev Backend,FND-BD-05,Pendiente,16,Alto,PR del middleware y pruebas de 403,Fundación,"ADR-0014 B1, presente en las brechas de 0015 a 0026"
FND-BE-14,Autorización,Todos los *.routes.js,Como auditor necesito ver en la definición de cada ruta qué permiso exige.,Permisos: declarar el permiso requerido en cada ruta existente,Backend,"Aplicar requirePermission a las rutas de los diez archivos de rutas actuales, empezando por security. Una ruta de negocio sin verificación explícita se considera un defecto, no una ruta pública.",1) Toda ruta de negocio declara su permiso 2) Una prueba automatizada enumera las rutas y falla si alguna carece de verificación 3) Las rutas deliberadamente públicas están en una lista blanca justificada 4) Documentación de la matriz ruta-permiso,Crítica,Dev Backend,FND-BE-13,Pendiente,16,Medio,"PR, matriz ruta-permiso y prueba de cobertura de rutas",Fundación,ADR-0014 B1
FND-BE-15,Autorización,permissions.service.js,Como administrador necesito que al cambiar los permisos de un perfil cambien los de sus usuarios.,Query SQL: resolver permisos efectivos como unión de perfil e individuales,Backend,"Hoy los permisos se copian al crear el usuario, por lo que los cambios de perfil no se propagan. Sustituir por resolución en consulta: el permiso efectivo es la unión de los permisos del perfil y las excepciones individuales.","1) Una sola consulta parametrizada devuelve los permisos efectivos de un usuario 2) Un cambio en el perfil se refleja de inmediato en todos sus usuarios 3) Los cuatro mecanismos concurrentes de autorización quedan reducidos a uno 4) Pruebas de perfil, excepción individual y unión de ambos",Alta,Dev Backend,FND-BE-13,Pendiente,12,Medio,PR y pruebas de propagación de permisos de perfil,Fundación,ADR-0014 B5 B6
FND-BE-16,Autorización,permissions.service.js,Como responsable de seguridad necesito que nadie se conceda permisos a sí mismo.,Reglas de negocio: restringir la asignación de permisos e impedir la autoconcesión,Backend,update_permissions_user permite que un usuario se conceda permisos. Restringir ambas operaciones de asignación a quien posea el permiso de asignación e impedir explícitamente que el sujeto sea el propio solicitante.,1) Ambas operaciones exigen el permiso de asignación 2) Un intento de asignarse permisos a uno mismo devuelve 403 3) Todo cambio de permisos queda en la bitácora funcional con autor y fecha 4) Pruebas de autoconcesión y de asignación sin permiso,Crítica,Dev Backend,FND-BE-13,Pendiente,8,Alto,"PR, pruebas de 403 y registro en bitácora",Fundación,ADR-0014 B2
FND-BE-17,Autorización,users.service.js,Como responsable de seguridad necesito que una petición no pueda escribir columnas arbitrarias de la tabla de usuarios.,Validaciones: retirar o acotar ProfileMode a una lista blanca de columnas,Backend,saveUser con ProfileMode escribe columnas arbitrarias de tbl_users a partir de la petición. Retirar el modo o acotarlo a una lista blanca explícita de columnas modificables.,1) Ninguna columna se escribe a partir de un nombre recibido del cliente 2) Lista blanca declarada en el código y cubierta por prueba 3) Un intento de escribir una columna fuera de la lista devuelve 400 4) Revisión de que no exista el mismo patrón en otros servicios,Crítica,Dev Backend,-,Pendiente,8,Alto,PR y prueba con columna no permitida,Fundación,ADR-0014 B3
FND-BE-18,Autorización,app.service.js,Como administrador necesito una sola fuente para la visibilidad de páginas.,Query SQL: migrar la visibilidad de páginas a tbl_page_permissions y retirar use_pages y pro_pages,Backend,"getMenu interpola el CSV de use_pages sin parametrizar, lo que además es un vector de inyección. Migrar la visibilidad a tbl_page_permissions, parametrizar la consulta y retirar las dos columnas desnormalizadas.",1) getMenu usa una consulta parametrizada sobre tbl_page_permissions 2) use_pages y pro_pages quedan retiradas tras migrar los datos 3) Prueba de inyección sobre el parámetro que ya no altera la consulta 4) El menú resultante coincide con el anterior para un conjunto de usuarios de prueba,Alta,Dev Backend,FND-BE-15 FND-BD-05,Pendiente,12,Medio,"PR, script de migración de datos y prueba de inyección",Fundación,ADR-0014 B4 B5
FND-BE-19,Autorización,permissions module,Como desarrollador frontend necesito el catálogo de permisos desde la API y no duplicado en el cliente.,Endpoint: exponer el catálogo de permisos,Backend,El catálogo de permisos vive en permissionsConfig.js del cliente como constantes numéricas literales. Exponerlo por API para que el cliente lo consuma en lugar de duplicarlo.,"1) Endpoint que devuelve el catálogo con clave, nombre y descripción 2) El endpoint exige autenticación 3) El cliente consume el catálogo y no mantiene constantes numéricas 4) El comentario obsoleto que referencia tablas inexistentes queda corregido",Media,Dev Backend,FND-BD-05,Pendiente,6,Bajo,PR del endpoint y consumo desde el cliente,Fundación,ADR-0014 B7
FND-BE-20,Autorización,server/socket.js,Como usuario necesito que los cambios de permisos de otros no lleguen a mi sesión.,Permisos: emitir update-permissions a la sala del usuario,Backend,io.emit difunde los cambios de permisos a todos los clientes conectados. Dirigir la emisión a la sala del usuario afectado.,1) La emisión usa la sala del usuario y no la difusión global 2) Prueba que verifica que un segundo cliente no recibe el evento 3) Depende del handshake autenticado para ser confiable,Media,Dev Backend,FND-BE-06,Pendiente,4,Bajo,PR y prueba con dos clientes conectados,Fundación,ADR-0014 B9
FND-BE-21,Auditoría,Todos los servicios de escritura,Como auditor necesito que el autor registrado no pueda ser falsificado por el cliente.,Auditoría: tomar el autor de req.user en todos los servicios de escritura,Backend,"Los controladores leen el autor de req.body y lo pasan al servicio: una auditoría que el cliente puede falsificar no tiene valor probatorio. Tomarlo siempre de req.user, ya poblado por verifyToken.",1) Ningún servicio de escritura recibe el autor desde el cuerpo de la petición 2) El cliente deja de enviar el identificador de usuario en las peticiones de escritura 3) Prueba que envía un autor distinto en el cuerpo y verifica que se ignora 4) Revisión que enumera los servicios de escritura y confirma la cobertura,Alta,Dev Backend,-,Pendiente,12,Medio,PR y prueba de autor falsificado ignorado,Fundación,"ADR-0013 B1, 0001, presente en 0015 a 0026"
FND-BE-22,Auditoría,common/utils,Como auditor necesito que la bitácora se escriba siempre igual y dentro de la operación auditada.,Service: utilidad común de escritura de bitácora funcional,Backend,"Construir la utilidad que registra campo, valor anterior, valor nuevo, operación, usuario y fecha, y que se invoca desde la capa de servicio dentro de la misma transacción que la operación auditada.","1) La utilidad recibe la conexión de la transacción y nunca abre una propia 2) Si la operación revierte, la bitácora revierte con ella 3) Formato de registro homogéneo para todas las entidades 4) Prueba que verifica que un rollback no deja registro de bitácora",Alta,Dev Backend,FND-BD-08 FND-BE-24,Pendiente,12,Medio,PR de la utilidad y prueba de rollback conjunto,Fundación,ADR-0013 B2
FND-BE-23,Auditoría,auth / permissions,Como responsable de seguridad necesito un registro de los eventos de autenticación y de cambios de permisos.,Auditoría: registro de eventos de seguridad,Backend,"No existe auditoría de eventos de seguridad. Registrar inicios de sesión, fallos, restablecimientos, bloqueos por intentos y toda concesión o revocación de permiso. Es el subconjunto de mayor valor y menor volumen.","1) Los eventos de autenticación quedan registrados con usuario, resultado, fecha y origen 2) Toda concesión y revocación de permiso queda en la bitácora funcional 3) El registro no contiene contraseñas, tokens ni códigos 4) Consulta de ejemplo que reconstruye la actividad de un usuario",Media,Dev Backend,FND-BE-22,Pendiente,10,Bajo,PR y consulta de reconstrucción de actividad,Fundación,"ADR-0013 B3, 0014 B10, 0001 B15"
FND-BE-24,Integridad transaccional,common/utils,Como responsable técnico necesito que ninguna escritura escape de su transacción.,Transacciones: utilidad central de transacción y prohibición de executeQuery sin conexión,Backend,"executeQuery toma una conexión nueva si se omite el parámetro, de modo que una escritura dentro de una transacción puede escapar de ella. Centralizar la gestión de transacciones en una utilidad que obtiene la conexión, abre, entrega, confirma o revierte y libera, preservando el error original aunque el rollback falle.",1) Toda operación del CORE se ejecuta a través de la utilidad 2) Invocar executeQuery sin conexión dentro de una transacción es detectado por lint o por revisión 3) El error original se conserva aunque el rollback falle 4) Prueba que fuerza un fallo de rollback y verifica el error propagado,Crítica,Dev Backend + Tech Lead,-,Pendiente,14,Alto,"PR de la utilidad, regla de lint y prueba de fallo de rollback",Fundación,"ADR-0027 B1 B8, 0011 B3, 0015 B11"
FND-BE-25,Integridad transaccional,Transversal CORE,Como usuario necesito que dos aprobaciones simultáneas no dejen un saldo en negativo.,Manejo de concurrencia: declarar el aislamiento REPEATABLE READ y el protocolo de bloqueo,Backend,"No hay ningún SELECT FOR UPDATE ni ajuste de nivel de aislamiento en todo el backend. Declarar REPEATABLE READ explícitamente y fijar el protocolo: bloquear la fila del contrato como primera sentencia, con orden fijo contrato, factura, póliza o concepto, y por identificador ascendente si hay dos contratos.",1) El nivel de aislamiento se declara explícitamente y está documentado 2) El protocolo de bloqueo está escrito y es obligatorio para el CORE 3) Una prueba de concurrencia demuestra la serialización sobre la misma fila de contrato 4) Las transacciones no contienen llamadas externas ni cálculos costosos mientras retienen el bloqueo,Crítica,Dev Backend + Tech Lead,FND-BE-24,Pendiente,12,Alto,Documento de protocolo y prueba de concurrencia con dos sesiones,Fundación,"ADR-0027 B2 B6, 0024 B5 B6, 0025 B5"
FND-BE-26,Integridad transaccional,error.middleware.js,Como usuario necesito un mensaje claro cuando otra persona está operando sobre el mismo contrato.,Manejo de errores: tratar ER_LOCK_DEADLOCK y ER_LOCK_WAIT_TIMEOUT,Backend,"Los interbloqueos y las esperas de bloqueo caen hoy en un 500 genérico. Reintentar el interbloqueo un número acotado de veces solo en operaciones idempotentes, responder 409 si persiste y 503 ante espera de bloqueo agotada.",1) ER_LOCK_DEADLOCK se reintenta un número acotado de veces y luego devuelve 409 2) ER_LOCK_WAIT_TIMEOUT devuelve 503 3) Ninguno de los dos cae en el 500 genérico 4) Prueba que provoca un interbloqueo y verifica el código de respuesta,Media,Dev Backend,FND-BE-25,Pendiente,8,Medio,PR y prueba que provoca interbloqueo,Fundación,"ADR-0027 B5, 0021 B9, 0024 B8"
FND-BE-27,Integridad transaccional,Transversal CORE,Como usuario necesito que reenviar un formulario no cree una segunda factura.,Manejo de concurrencia: infraestructura de idempotencia en creación y transición,Backend,"No hay idempotencia en ninguna operación. Implementar la detección de repetición por clave: una repetición con la misma clave devuelve la entidad ya creada o el estado ya alcanzado; la misma clave con otro contenido se rechaza.",1) Una repetición con la misma clave devuelve el resultado previo y no crea nada 2) La misma clave con contenido distinto devuelve 409 3) Las transiciones leen la precondición de estado bajo bloqueo antes de aplicar 4) Pruebas de doble envío para creación y para transición,Alta,Dev Backend,FND-BD-14 FND-BE-24,Pendiente,14,Alto,PR y pruebas de doble envío,Fundación,"ADR-0027 B3, 0020 B3, 0023 B10, 0025 B7"
FND-BE-28,Cálculo,common/utils,Como área contable necesito que los saldos cierren exactamente.,Reglas de negocio: adoptar aritmética decimal exacta y una regla de redondeo única,Backend,"No hay ninguna librería de aritmética decimal en el proyecto y el cliente formatea importes con parseFloat. Adoptar aritmética exacta, tratar las columnas DECIMAL como cadena hasta entrar en el cálculo y fijar una única regla de redondeo aplicada por línea antes de sumar.","1) Ningún importe, porcentaje ni saldo pasa por Number ni parseFloat en el backend 2) Regla de redondeo única, documentada y aplicada por línea antes de sumar 3) Batería de pruebas de casos límite de redondeo aprobada por contabilidad 4) Regla de revisión que impide reintroducir aritmética en punto flotante",Crítica,Dev Backend + Área contable,DEC-06,Pendiente,12,Alto,"PR, batería de pruebas de redondeo y visto bueno contable",Fundación,"ADR-0026 B3 B4, 0021 B10, 0024 B7, 0025 B6"
FND-BE-29,Plataforma de datos,modules/template,Como desarrollador necesito un patrón de módulo que pueda replicar sin heredar defectos.,Query SQL: corregir el módulo template como patrón de referencia,Backend,"El módulo template, patrón de referencia para los maestros, interpola filtros en la cadena SQL y usa una convención de auditoría en español distinta del estándar del proyecto. Corregirlo o reemplazarlo antes de replicarlo ocho veces.","1) Todos los filtros y el ordenamiento van parametrizados, con lista blanca para nombres de columna 2) La convención de auditoría coincide con el estándar de cuatro columnas 3) El módulo incluye verificación de permisos y auditoría desde req.user 4) Prueba de inyección sobre filtros y ordenamiento",Alta,Dev Backend,FND-BE-13 FND-BE-21,Pendiente,12,Medio,PR del patrón corregido y prueba de inyección,Fundación,"ADR-0003 B3, 0004 B5, 0007 B4, 0009 B10, 0010 B8, 0019 B6"
FND-BE-30,Plataforma de datos,users.service.js / document service,Como responsable de seguridad necesito que ningún listado construya SQL con entrada del cliente.,Query SQL: corregir paginationUsers y paginationModuleDocs,Backend,"paginationUsers interpola once parámetros del cliente en la cadena SQL y además oculta registros por el estado del maestro relacionado. Parametrizar ambos listados, usar lista blanca de ordenamiento y cambiar el JOIN interno por externo.",1) Ningún parámetro del cliente se concatena a la cadena SQL 2) Lista blanca para el campo y el sentido de ordenamiento 3) El JOIN a maestros es externo y no oculta filas por el estado del maestro 4) Pruebas de inyección y de visibilidad de filas con maestro inactivo,Alta,Dev Backend,-,Pendiente,10,Alto,PR y pruebas de inyección y de visibilidad,Fundación,"ADR-0011 B4 B8, 0002 B8, 0004 B4"
FND-BE-31,Seguridad,microsoftGraph,Como responsable de seguridad necesito que el almacenamiento de documentos no esté abierto ni guarde secretos en claro.,Permisos: autenticar las rutas de microsoftGraph y proteger rul_client_secret,Backend,Las cuatro rutas de microsoftGraph.routes.js no tienen verifyToken y tbl_business_rules almacena rul_client_secret en texto plano. Es la única infraestructura preexistente del CORE y la usará toda la facturación.,1) Las cuatro rutas exigen verifyToken y el permiso correspondiente 2) El secreto deja de almacenarse en claro y proviene de variable de entorno o almacén cifrado 3) El secreto actual queda rotado 4) Prueba de acceso sin token rechazado,Alta,Dev Backend,FND-BE-13,Pendiente,10,Alto,"PR, registro de rotación y prueba de acceso sin token",Fundación,"ADR-0018 B12, 0020 B14, 0021 B14, 0023 B15"
FND-BE-32,Plataforma de datos,error.middleware.js,Como usuario necesito saber qué campo está duplicado cuando el sistema rechaza mi registro.,Manejo de errores: mensaje de duplicado que nombre el campo,Backend,"error.middleware.js ya traduce ER_DUP_ENTRY a 409, pero con un mensaje genérico que remite a sistemas. Mejorarlo para que identifique el campo o la restricción violada, sin exponer detalles internos del esquema.",1) El mensaje nombra el dato duplicado en términos del usuario 2) No se expone el nombre del índice ni la consulta 3) Mapa de restricciones a mensajes mantenido junto a las migraciones 4) Pruebas por cada restricción UNIQUE de negocio,Baja,Dev Backend,FND-BD-09,Pendiente,6,Bajo,PR y pruebas de mensaje por restricción,Fundación,"ADR-0008 B8, 0012 B13"
FND-BE-33,Seguridad,common/mails/auth.mails.js,Como desarrollador necesito que no exista un segundo flujo de recuperación que nadie mantiene.,Service: retirar el código muerto de recuperación,Backend,auth.mails.js contiene una implementación paralela y obsoleta de recuperación que opera sobre tbl_recuperar_cuenta y columnas inexistentes en el esquema actual. Es código muerto que duplica el flujo.,1) El archivo y sus referencias quedan eliminados 2) Ninguna ruta ni servicio lo invoca 3) Las pruebas siguen en verde tras el retiro,Baja,Dev Backend,-,Pendiente,3,Bajo,PR de retiro con pruebas en verde,Fundación,ADR-0001 B16
FND-BE-34,Autorización,profiles.service.js,Como administrador necesito que eliminar un perfil no deje permisos huérfanos.,Transacciones: corregir deleteProfile y su limpieza de dependientes,Backend,"deleteProfile elimina sin verificar dependientes y deja huérfanas las filas de tbl_profile_permissions. Verificar dependientes, eliminar en la misma transacción y bloquear si hay usuarios asociados.",1) La eliminación verifica usuarios asociados y devuelve un error explícito si existen 2) Las filas de permisos del perfil se eliminan en la misma transacción 3) No quedan filas huérfanas tras la operación 4) Prueba de perfil con usuarios y de perfil sin usuarios,Baja,Dev Backend,FND-BE-24,Pendiente,6,Bajo,PR y consulta de verificación sin huérfanos,Fundación,ADR-0014 B11
FND-BE-35,Integridad transaccional,auth.service.js,Como usuario necesito que un fallo a mitad del restablecimiento no deje mi cuenta en un estado intermedio.,"Transacciones: envolver verifyOtp, restorePassword y forgotPassword",Backend,Los tres flujos escriben en varias tablas sin transacción. Envolverlos con la utilidad central para que la operación y su rastro se confirmen o reviertan juntos.,1) Los tres flujos usan la utilidad central de transacción 2) Un fallo intermedio no deja registros parciales 3) Pruebas que fuerzan el fallo en cada punto intermedio,Media,Dev Backend,FND-BE-24,Pendiente,6,Medio,PR y pruebas de fallo intermedio,Fundación,ADR-0027 B7
FND-BE-36,Integridad transaccional,src/cron/index.js,Como responsable funcional necesito que el sistema reporte por su cuenta cualquier inconsistencia de saldos.,Service: activar el cron y montar el proceso de conciliación,Backend,"El cron está implementado con la lista de tareas vacía y su arranque comentado en server.js. Activarlo y montar el proceso que reporta, sin corregir, todo incumplimiento de invariantes y toda discrepancia entre valores persistidos derivables y su recálculo.","1) El cron arranca y su configuración está documentada 2) El proceso reporta y nunca corrige 3) El informe llega a un destinatario definido e incluye contrato, invariante y diferencia 4) No se usa el cron para transiciones de estado, que son síncronas",Media,Dev Backend,FND-BE-05,Pendiente,12,Medio,"PR, ejemplo de informe generado y configuración documentada",Fundación,"ADR-0027 B9, 0024 B9, 0025 B8, 0015, 0017"
FND-FE-01,Autorización,contexts/authContext.jsx,Como responsable de seguridad necesito que no exista un usuario con privilegio total escrito en el código.,Eliminar el superusuario embebido del contexto de autenticación,Frontend,"El contexto trata al usuario con identificador 1 como superusuario. El privilegio total, si se requiere, se expresa como un perfil con todos los permisos asignados, no como una condición en el cliente.",1) No queda ninguna comparación por identificador de usuario en el cliente 2) Existe un perfil con todos los permisos que sustituye el comportamiento 3) hasPermission depende solo del catálogo recibido de la API 4) Prueba de interfaz con el usuario 1 sin permisos que no ve las acciones,Media,Dev Frontend,FND-BE-19,Pendiente,4,Bajo,PR y prueba de interfaz con usuario 1 sin permisos,Fundación,ADR-0014 B8
FND-FE-02,Autorización,contexts/permissions/permissionsConfig.js,Como desarrollador necesito que el catálogo de permisos no esté duplicado en el cliente.,Consumir el catálogo de permisos desde la API,Frontend,El mapa de acciones a identificadores numéricos vive en el cliente y su comentario referencia tablas que no existen. Sustituirlo por el catálogo que expone la API.,1) El cliente obtiene el catálogo de la API al iniciar sesión 2) No quedan identificadores numéricos literales de permisos en el cliente 3) El comentario obsoleto desaparece 4) La interfaz sigue mostrando y ocultando las mismas acciones que antes,Media,Dev Frontend,FND-BE-19,Pendiente,6,Bajo,PR y comparación de acciones visibles antes y después,Fundación,ADR-0014 B7
FND-FE-03,Autorización,api/services/httpCliente.js,Como usuario necesito entender por qué el sistema rechaza una acción y qué puedo hacer.,"Manejo de respuestas 403, 409 y 503 en el cliente HTTP",Frontend,"El cliente solo trata el 401 limpiando cookies y redirigiendo. Añadir tratamiento explícito de 403 sin permiso, 409 por concurrencia o saldo mostrando el valor actualizado, y 503 por espera de bloqueo con opción de reintentar con la misma clave de idempotencia.",1) Un 403 muestra un mensaje de permiso insuficiente sin cerrar la sesión 2) Un 409 muestra el valor vigente devuelto por el servidor 3) Un 503 ofrece reintentar reusando la misma clave de idempotencia 4) Ningún error de negocio se presenta como fallo genérico,Alta,Dev Frontend,FND-BE-13 FND-BE-26,Pendiente,8,Medio,PR y capturas de los tres casos,Fundación,"ADR-0014, 0027, 0024, 0025"
FND-FE-04,Seguridad,contexts/authContext.jsx,Como responsable de seguridad necesito que los datos de sesión no queden en la consola del navegador.,Retirar las trazas de consola con datos de sesión y token,Frontend,El contexto imprime en consola los datos de inicio de sesión y el token. Retirar esas trazas y cualquier otra que exponga datos sensibles.,"1) No queda ninguna traza de consola con datos de sesión, token ni permisos 2) Regla de lint que impide reintroducirlas en producción 3) Revisión del resto de vistas por el mismo patrón",Baja,Dev Frontend,-,Pendiente,3,Bajo,PR y regla de lint activa,Fundación,ADR-0001 B18
FND-FE-05,Auditoría,api/requests,Como desarrollador necesito que el cliente deje de enviar el autor de cada operación.,Dejar de enviar el identificador de usuario en las peticiones de escritura,Frontend,"Los servicios del cliente envían el identificador del usuario en el cuerpo de cada petición de escritura. Al tomar el autor del token en el backend, ese envío deja de ser necesario y debe retirarse para que no parezca que el cliente lo determina.",1) Ninguna petición de escritura incluye el identificador del autor 2) Todas las escrituras siguen funcionando y la auditoría registra el usuario del token 3) Revisión que enumera los archivos de api/requests afectados,Media,Dev Frontend,FND-BE-21,Pendiente,5,Bajo,PR y prueba de escritura con auditoría correcta,Fundación,ADR-0013
FND-FE-06,Auditoría,views/security,"Como usuario necesito ver el nombre de quien modificó un registro, no un número.",Resolver el autor de la última modificación a nombre de usuario en los listados,Frontend,UsersPage y ProfilePage muestran el autor de la última modificación como identificador numérico crudo porque la consulta de paginación no resuelve el nombre. Resolverlo en el backend y presentarlo en el cliente.,"1) Los listados muestran el nombre del usuario y no su identificador 2) La resolución se hace en la consulta con JOIN externo, sin ocultar filas con autor nulo 3) Las fechas usan el formateador existente 4) Aplicable a los listados de los módulos nuevos desde su creación",Baja,Dev Frontend + Dev Backend,FND-BE-30,Pendiente,5,Bajo,PR y captura del listado,Fundación,ADR-0013
FND-QA-01,Autorización,Backend completo,Como responsable de calidad necesito garantizar que ninguna ruta de negocio queda sin autorización.,Suite de pruebas de autorización por ruta,QA,"Construir una suite que enumere todas las rutas del backend y verifique, para cada una, que un usuario autenticado sin el permiso correspondiente recibe 403 y que uno sin token recibe 401.",1) La suite descubre las rutas automáticamente y falla si aparece una nueva sin cobertura 2) Cada ruta de negocio tiene su caso de 401 y de 403 3) Las rutas públicas están en una lista blanca justificada 4) La suite corre en CI en cada PR,Crítica,QA + Dev Backend,FND-BE-14,Pendiente,16,Medio,Suite en CI con informe de cobertura de rutas,Fundación,ADR-0014 B1
FND-QA-02,Integridad transaccional,Transversal CORE,Como responsable de calidad necesito demostrar que los saldos no se corrompen con operaciones simultáneas.,"Pruebas de concurrencia, idempotencia e interbloqueo",QA,"Construir las pruebas que reproducen los escenarios de concurrencia descritos en los ADR: dos amortizaciones simultáneas sobre el mismo pendiente, dos devoluciones sobre el mismo saldo, doble envío de creación y provocación de interbloqueo.","1) La segunda operación simultánea es rechazada con 409 y el mensaje indica el saldo vigente 2) El doble envío con la misma clave produce una sola entidad 3) El interbloqueo provocado devuelve 409 tras los reintentos y no 500 4) Las pruebas corren en CI contra una base de datos real, no simulada",Crítica,QA + Dev Backend,FND-BE-25 FND-BE-27,Pendiente,20,Alto,Suite de concurrencia en CI con los cuatro escenarios,Fundación,"ADR-0027, 0024 R2, 0025 R3, 0020 R4"
FND-QA-03,Seguridad,Backend completo,Como responsable de calidad necesito verificar que no queda ningún punto de inyección SQL.,Pruebas de inyección SQL sobre listados y filtros,QA,"Los listados existentes interpolan entrada del cliente en la cadena SQL y ese patrón no debe replicarse en los doce módulos nuevos. Construir pruebas de inyección sobre filtros, ordenamiento y paginación de cada listado.","1) Cada listado tiene casos de inyección en filtro, campo de orden y sentido de orden 2) Ningún caso altera la consulta ni devuelve filas adicionales 3) La suite se extiende automáticamente a los listados nuevos 4) Corre en CI en cada PR",Alta,QA,FND-BE-29 FND-BE-30,Pendiente,12,Medio,Suite de inyección en CI,Fundación,"ADR-0002 B8, 0011 B4, 0012 B9"
MAE-BD-01,Maestros de configuración,Aseguradoras,Como administrador necesito mantener el listado de aseguradoras que emiten las pólizas.,"Crear tabla, UNIQUE, FK e índice del maestro de aseguradoras",BD,"Tabla con descripción, estado tomado de tbl_status y auditoría estándar. La descripción es única entre las aseguradoras no eliminadas, lo que exige columna generada porque la eliminación es lógica. FK del estado con ON DELETE RESTRICT, coherente con las siete FK ya existentes en el esquema.",1) Tabla creada por migración con up y down probados 2) UNIQUE sobre la descripción entre no eliminadas mediante columna generada 3) FK a tbl_status con ON DELETE RESTRICT e índice sobre la columna 4) Insertar una descripción duplicada devuelve ER_DUP_ENTRY,Alta,Dev BD,FND-BD-01 FND-BD-04 FND-BD-07,Pendiente,6,Bajo,Migración y prueba de duplicado rechazado,Maestros,ADR-0003
MAE-BD-02,Maestros de configuración,Constructoras,Como administrador necesito mantener el listado de constructoras a las que pertenecen las obras.,"Crear tabla, UNIQUE, FK e índice del maestro de constructoras",BD,"Tabla con descripción, estado y auditoría estándar, con la descripción única entre las no eliminadas. La relación obra a constructora es N:1 obligatoria, con FK NOT NULL y ON DELETE RESTRICT que se declara al crear la tabla de obras.",1) Tabla creada por migración con up y down probados 2) UNIQUE sobre la descripción entre no eliminadas 3) La FK desde obra se declara NOT NULL y RESTRICT en la migración de obras 4) Índices sobre estado y sobre la columna referenciada,Alta,Dev BD,FND-BD-01 FND-BD-04 FND-BD-07,Pendiente,6,Bajo,Migración y prueba de duplicado rechazado,Maestros,ADR-0004
MAE-BD-03,Maestros de configuración,Tipos de interventoría,Como administrador necesito clasificar las obras por el tipo de interventoría que las vigila.,"Crear tabla, UNIQUE, FK e índice del maestro de tipos de interventoría",BD,"Tabla con nombre, estado y auditoría estándar, con el nombre único entre los no eliminados. El anclaje a la obra, y no al contrato, está pendiente de confirmación: si un contrato pudiera tener un tipo distinto del de su obra, la FK cambia de tabla.","1) Tabla creada por migración con up y down probados 2) UNIQUE sobre el nombre entre no eliminados 3) Se sigue el patrón de tbl_reasons, que sí tiene estado, y no el de tbl_priorities, que no lo tiene 4) La FK desde obra se declara con ON DELETE RESTRICT en la migración de obras",Alta,Dev BD,FND-BD-01 FND-BD-04 FND-BD-07,Pendiente,6,Bajo,Migración y prueba de duplicado rechazado,Maestros,ADR-0007
MAE-BD-04,Maestros de configuración,Tipos de proveedor,Como administrador necesito clasificar a los proveedores por su naturaleza.,"Crear tabla, UNIQUE, FK e índice del maestro de tipos de proveedor",BD,"Tabla con nombre, estado y auditoría estándar. El tipo de proveedor no participa en la identidad del proveedor: la unicidad se determina por tipo y número de documento. La creación depende de resolver antes si el tipo describe a la empresa, su participación o una jerarquía.",1) Tabla creada por migración con up y down probados 2) UNIQUE sobre el nombre entre no eliminados 3) La decisión DEC-10 está resuelta y registrada antes de crear la tabla 4) La ubicación de la FK corresponde a lo resuelto en DEC-10,Alta,Dev BD,FND-BD-01 DEC-10,Pendiente,6,Alto,Migración y acta de la decisión DEC-10,Maestros,ADR-0010
MAE-BD-05,Maestros de configuración,Tipos de dirección,Como administrador necesito tipificar las direcciones de contacto de obras y proveedores con un mismo catálogo.,"Crear tabla, UNIQUE, FK e índice del maestro de tipos de dirección",BD,"Catálogo compartido por los contactos de obra y los de proveedor, con nombre único entre los no eliminados. El catálogo no contiene ninguna dirección concreta. La FK desde los contactos es ON DELETE RESTRICT, frente al CASCADE desde la entidad propietaria.",1) Tabla creada por migración con up y down probados 2) UNIQUE sobre el nombre entre no eliminados 3) La marca de contacto principal no se modela como un tipo del catálogo 4) Las FK desde las tablas de contacto se declaran RESTRICT,Alta,Dev BD,FND-BD-01 FND-BD-04 FND-BD-07,Pendiente,6,Bajo,Migración y prueba de duplicado rechazado,Maestros,ADR-0009
MAE-BD-06,Maestros de configuración,Tipos de identificación,Como administrador necesito el catálogo de tipos de documento con el que se identifica a proveedores y usuarios.,"Crear tabla tbl_identity_documents, hoy referenciada por una FK y ausente del esquema",BD,"tbl_providers declara una FK hacia tbl_identity_documents, pero la tabla no está en el volcado: la tabla de proveedores no es utilizable. Recuperarla del esquema de origen o crearla conforme a la restricción ya declarada, con nombre, estado y auditoría estándar. Es la prioridad máxima de este maestro.",1) La tabla existe con el nombre y la clave primaria que la restricción declara 2) UNIQUE sobre el nombre entre no eliminados 3) La FK existente de tbl_providers valida correctamente 4) El catálogo no contiene ningún dato de una persona concreta,Crítica,Dev BD,FND-BD-01 FND-BD-04,Pendiente,6,Medio,Migración y verificación de la FK existente,Maestros,"ADR-0008 B1, 0012 B4"
MAE-BD-07,Configuración de tipos de contrato,Catálogo de campos configurables,Como administrador necesito que un tipo de contrato solo pueda configurar campos que existen en la entidad contrato.,Crear tabla del catálogo cerrado de campos configurables,BD,"Catálogo cerrado y versionado con el código: clave simbólica, etiqueta, tipo de dato y grupo. Un tipo de contrato no puede inventar campos, solo declarar cuáles de los existentes aplican. La configuración no crea columnas.","1) Tabla creada con clave simbólica única y estable 2) Los tipos de dato admitidos se alinean con los que soporta GenericFormSection 3) El catálogo se siembra y versiona con el código, no se administra desde la interfaz 4) Cada clave del catálogo corresponde a una columna real de la tabla de contratos",Alta,Dev BD,FND-BD-01 PRO-BD-09,Pendiente,8,Medio,Migración y contraste del catálogo contra las columnas de contrato,Maestros,ADR-0006 B3
MAE-BD-08,Configuración de tipos de contrato,Tipos de contrato,Como administrador necesito mantener los tipos de contrato y saber con qué versión de configuración se creó cada contrato.,Crear tabla del maestro de tipos de contrato con versión de configuración,BD,"Tabla con nombre único entre no eliminados, estado, versión de configuración y auditoría estándar. La versión permite reconstruir el formulario tal como se presentó cuando se creó un contrato.",1) Tabla creada por migración con up y down probados 2) UNIQUE sobre el nombre entre no eliminados 3) Columna de versión de configuración que se incrementa al guardar cambios de configuración 4) La tabla de contratos registra la versión con la que fue creado cada contrato,Alta,Dev BD,FND-BD-01 FND-BD-04,Pendiente,6,Bajo,Migración y prueba de incremento de versión,Maestros,ADR-0006
MAE-BD-09,Configuración de tipos de contrato,Configuración por tipo de contrato,"Como administrador necesito declarar por tipo de contrato qué campos aplican, cuáles se ven y cuáles son obligatorios.",Crear tabla de configuración con UNIQUE del par y CHECK de la jerarquía,BD,"Una fila por tipo y campo, con los tres atributos independientes aplica, visible y obligatorio, más el orden. La jerarquía es estricta: no aplica anula visible y obligatorio, y un campo no aplicable no puede ser obligatorio.","1) UNIQUE sobre el par tipo de contrato y campo 2) CHECK que impide obligatorio o visible cuando el campo no aplica 3) La ausencia de configuración significa no aplica, por defecto restrictivo 4) Índice por tipo de contrato para la resolución del formulario",Alta,Dev BD,MAE-BD-07 MAE-BD-08,Pendiente,8,Medio,Migración y pruebas de violación del CHECK,Maestros,ADR-0006
MAE-BD-10,Configuración de tipos de contrato,Catálogo de campos configurables,Como administrador necesito que el catálogo de campos esté disponible desde el primer despliegue.,Crear migración de semillas del catálogo de campos configurables,BD,"Sembrar y versionar el conjunto cerrado de campos configurables, alineado con las columnas reales del contrato y con los tipos que soporta el renderizador de formularios del cliente.","1) Semillas versionadas y migración idempotente 2) Cada campo sembrado tiene su clave, etiqueta, tipo y grupo 3) Añadir un campo nuevo exige una migración y un cambio de código, no una edición en producción 4) Prueba que compara el catálogo sembrado con las columnas de la tabla de contratos",Media,Dev BD,MAE-BD-07,Pendiente,6,Bajo,Migración de semillas y prueba de correspondencia,Maestros,ADR-0006
MAE-BD-11,Maestros de configuración,tbl_providers,Como administrador necesito que el proveedor tenga su tipo y que la tabla no arrastre columnas sin destino.,"Crear columna de tipo de proveedor y depurar dot_id, are_id y cos_id",BD,"tbl_providers no tiene columna de tipo de proveedor y arrastra tres columnas sin tabla ni FK, una de ellas redundante con el tipo de identificación. Resolver las tres antes de añadir columnas nuevas, para no seguir acumulando referencias sin destino.",1) Las tres columnas residuales quedan eliminadas o dotadas de su tabla y su restricción 2) La columna de tipo de proveedor se añade en la ubicación que resuelva DEC-10 3) FK con ON DELETE RESTRICT e índice 4) Migración reversible con verificación de datos previos,Alta,Dev BD,MAE-BD-04 DEC-10,Pendiente,8,Alto,"Migración, informe de datos previos y verificación posterior",Maestros,"ADR-0010 B3 B5, 0012 B8 B10, 0022 B2"
MAE-BD-12,Maestros de configuración,Maestros completos,Como responsable técnico necesito que los selectores y listados de maestros respondan sin degradar.,Crear índice y revisar impacto de índices en los maestros,BD,"Definir los índices de los ocho maestros: por estado para los selectores de activos, por la columna de nombre o descripción para la búsqueda, y sobre las columnas referenciadas por las FK de las entidades de negocio.",1) Toda FK hacia un maestro tiene índice en la tabla que la declara 2) Los selectores de activos usan un índice y se verifica con plan de ejecución 3) No se crean índices sin una consulta que los justifique 4) Plan de ejecución documentado para el listado y el selector de cada maestro,Media,Dev BD,MAE-BD-01 MAE-BD-02 MAE-BD-03 MAE-BD-05 MAE-BD-06,Pendiente,8,Bajo,Planes de ejecución antes y después en el PR,Maestros,"ADR-0002, 0027"
MAE-BD-13,Pólizas,Tipos de póliza,Como administrador necesito que cada tipo de póliza determine sobre qué base se calcula su valor asegurado.,Crear tabla del maestro de tipos de póliza con base de cálculo como dominio cerrado,BD,"Maestro con efecto funcional: nombre único, clave simbólica estable y no editable, y base de cálculo modelada como dominio cerrado (costo directo, base gravable, valor total, solo IVA), nunca como booleano ni texto libre. La póliza copia la clave de la base al emitirse, de modo que cambiar la base del tipo no recalcula las pólizas existentes.","1) Tabla creada con UNIQUE sobre el nombre entre no eliminados 2) La base de cálculo es un dominio cerrado, no un booleano subtotal o IVA 3) La clave simbólica del tipo es estable y no editable 4) La decisión DEC-04 está resuelta antes de sembrar valores",Alta,Dev BD,FND-BD-01 DEC-04,Pendiente,8,Alto,Migración y acta de la decisión DEC-04,Maestros,ADR-0019 B1 B5
MAE-BD-14,Pólizas,Tipos de póliza,Como administrador necesito que los tipos de póliza confirmados estén disponibles desde el despliegue.,Crear migración de semillas de los tipos de póliza confirmados,BD,Sembrar únicamente los tipos y las bases que el área usuaria y la aseguradora confirmen. Declarar las cuatro bases posibles no obliga a poblarlas todas.,1) Solo se siembran los tipos confirmados en DEC-04 2) Migración idempotente y versionada 3) Cada tipo sembrado tiene su base de cálculo asignada y documentada 4) Un tipo sin base confirmada no se siembra,Media,Dev BD,MAE-BD-13 DEC-04,Pendiente,4,Medio,Migración de semillas con el acta de confirmación adjunta,Maestros,ADR-0019 B4
MAE-BE-01,Maestros de configuración,Patrón de módulo,Como desarrollador necesito un módulo de maestro que se replique sin reescribir la misma lógica ocho veces.,Service y controller: patrón reutilizable de módulo de maestro,Backend,"Construir el módulo de referencia con rutas, controlador y servicio parametrizados: listado paginado con filtros, obtención, creación, edición, cambio de estado, eliminación lógica con verificación de uso y selector de activos. Incorpora permisos, auditoría desde el token y consultas parametrizadas desde el inicio.","1) Un maestro nuevo se implementa declarando su tabla, sus columnas y sus permisos, sin duplicar lógica 2) Todos los filtros y el ordenamiento van parametrizados con lista blanca 3) La eliminación lógica verifica dependientes y devuelve un error que nombra el motivo y la cantidad 4) Toda escritura recibe la conexión de la transacción y registra auditoría desde req.user",Alta,Dev Backend,FND-BE-29 FND-BE-13 FND-BE-21 FND-BE-24,Pendiente,20,Medio,PR del patrón con su suite de pruebas,Maestros,"ADR-0003, 0004, 0007, 0009, 0010, 0019"
MAE-BE-02,Maestros de configuración,Aseguradoras,"Como administrador necesito crear, editar, activar y eliminar aseguradoras sin romper las pólizas ya emitidas.","Endpoint, controller y service del maestro de aseguradoras",Backend,"Módulo completo sobre el patrón, con la regla propia: una aseguradora referenciada por al menos una póliza no puede eliminarse ni siquiera lógicamente, solo desactivarse. El selector para formularios de póliza devuelve solo aseguradoras activas.","1) Las siete operaciones responden con los códigos correctos: 200, 201, 400, 403, 404 y 409 2) Eliminar una aseguradora con pólizas devuelve 409 con el motivo y la cantidad 3) El selector devuelve solo activas 4) Desactivar no altera las pólizas vigentes emitidas por esa aseguradora",Alta,Dev Backend,MAE-BE-01 MAE-BD-01,Pendiente,10,Bajo,PR con pruebas de las siete operaciones y del bloqueo por uso,Maestros,ADR-0003
MAE-BE-03,Maestros de configuración,Constructoras,Como administrador necesito que eliminar una constructora no deje obras sin identificar.,"Endpoint, controller y service del maestro de constructoras",Backend,"Módulo completo sobre el patrón. La verificación de uso cuenta todas las obras, incluidas las eliminadas lógicamente, porque una obra eliminada sigue siendo parte del historial y necesita su constructora identificable. El listado de obras nunca oculta una obra por el estado de su constructora.",1) Eliminar una constructora con obras devuelve 409 indicando la cantidad 2) La cuenta incluye las obras eliminadas lógicamente 3) El selector devuelve solo activas 4) El listado de obras usa JOIN externo y no filtra por el estado del maestro,Alta,Dev Backend,MAE-BE-01 MAE-BD-02,Pendiente,10,Bajo,PR con pruebas de bloqueo por uso y de visibilidad con maestro inactivo,Maestros,ADR-0004
MAE-BE-04,Maestros de configuración,Tipos de interventoría,Como administrador necesito mantener los tipos de interventoría sin afectar a las obras existentes.,"Endpoint, controller y service del maestro de tipos de interventoría",Backend,"Módulo completo sobre el patrón, con verificación de uso antes de eliminar y selector restringido a activos. El listado de obras usa JOIN externo para no ocultar obras por el estado del tipo.",1) Eliminar un tipo en uso devuelve 409 indicando la cantidad de obras 2) El selector devuelve solo activos 3) El listado de obras no oculta filas por el estado del maestro 4) Pruebas de las operaciones y del bloqueo por uso,Alta,Dev Backend,MAE-BE-01 MAE-BD-03,Pendiente,8,Bajo,PR con pruebas de operaciones y bloqueo por uso,Maestros,ADR-0007
MAE-BE-05,Maestros de configuración,Tipos de proveedor,Como administrador necesito clasificar a los proveedores sin que la clasificación afecte a su identidad.,"Endpoint, controller y service del maestro de tipos de proveedor",Backend,"Módulo completo sobre el patrón. Si la validación confirma que el tipo determina reglas de negocio, esas reglas se modelan con el mecanismo de configuración de campos del tipo de contrato, nunca con condicionales dispersos por el código.","1) Eliminar un tipo en uso devuelve 409 indicando la cantidad 2) El selector devuelve solo activos 3) El tipo no interviene en la verificación de unicidad del proveedor 4) Si DEC-10 confirma reglas por tipo, quedan modeladas por configuración y no por condicionales",Alta,Dev Backend,MAE-BE-01 MAE-BD-04 DEC-10,Pendiente,8,Medio,PR con pruebas de operaciones y bloqueo por uso,Maestros,ADR-0010
MAE-BE-06,Maestros de configuración,Tipos de dirección,Como administrador necesito mantener el catálogo de tipos de dirección que usan obras y proveedores.,"Endpoint, controller y service del maestro de tipos de dirección",Backend,"Módulo completo sobre el patrón. La gestión de los contactos en sí vive en los servicios de obra y de proveedor, no en un módulo propio, porque son partes dependientes de esas entidades.",1) Eliminar un tipo en uso por algún contacto devuelve 409 2) El selector devuelve solo activos 3) No se crea un módulo de contactos independiente 4) Validación de formato de correo disponible para los servicios de obra y proveedor,Alta,Dev Backend,MAE-BE-01 MAE-BD-05,Pendiente,8,Bajo,PR con pruebas de operaciones y bloqueo por uso,Maestros,ADR-0009 B6
MAE-BE-07,Maestros de configuración,Tipos de identificación,Como usuario necesito que el número de documento se valide según el tipo seleccionado.,"Endpoint, controller, service y validaciones de formato del maestro de tipos de identificación",Backend,"Módulo completo sobre el patrón, más la validación de formato del número de documento asociada al tipo, compartida entre creación y edición. La base de datos garantiza unicidad y obligatoriedad; el formato es una regla de negocio y no se expresa en el esquema.",1) Eliminar un tipo en uso devuelve 409 2) El selector devuelve solo activos 3) La validación de formato es una sola función usada por creación y edición 4) Un número con formato inválido para su tipo devuelve 400 nombrando el campo,Alta,Dev Backend,MAE-BE-01 MAE-BD-06,Pendiente,10,Medio,PR con pruebas de formato por tipo,Maestros,ADR-0008 B6
MAE-BE-08,Configuración de tipos de contrato,Tipos de contrato,"Como administrador necesito configurar qué campos aplican, se ven y son obligatorios para cada tipo de contrato.","Endpoint, controller y service del maestro de tipos de contrato y su configuración",Backend,"Módulo del maestro más el guardado de la configuración por diferencial, siguiendo el patrón ya presente en la actualización de permisos de perfil. Todo cambio de configuración se audita funcionalmente con valor anterior y nuevo, porque afecta a todos los contratos futuros de ese tipo.","1) El guardado de la configuración calcula altas, bajas y cambios en lugar de borrar e insertar todo 2) Toda la operación ocurre en una sola transacción 3) Cada cambio de configuración queda en la bitácora funcional con valor anterior y nuevo 4) La versión de configuración del tipo se incrementa al guardar",Alta,Dev Backend,MAE-BE-01 MAE-BD-09 FND-BE-22,Pendiente,16,Medio,PR con pruebas de diferencial y registro en bitácora,Maestros,ADR-0006 B8
MAE-BE-09,Configuración de tipos de contrato,Resolución de configuración,Como usuario necesito que el formulario que veo y la validación del servidor usen la misma configuración.,"Service y validaciones: resolución única de configuración, consumida por el formulario y por el guardado",Backend,"Una sola función de resolución que entrega los descriptores de campo al formulario y que valida el guardado, de modo que ambos no puedan divergir. El valor por defecto es restrictivo: la ausencia de configuración significa que el campo no aplica.",1) La misma función resuelve la configuración para el endpoint de formulario y para la validación de guardado 2) Un campo no aplicable con valor enviado se rechaza con 400 3) Un campo obligatorio sin valor se rechaza con 400 4) Un tipo sin configuración produce un formulario vacío y no uno que acepte cualquier cosa,Alta,Dev Backend,MAE-BE-08,Pendiente,12,Medio,PR con pruebas que confirman que formulario y validación comparten la función,Maestros,ADR-0006 B5
MAE-BE-10,Pólizas,Tipos de póliza,Como administrador necesito configurar la base de cálculo de cada tipo de póliza sin alterar las pólizas ya emitidas.,"Endpoint, controller, service y función de evaluación de la base del tipo de póliza",Backend,"Módulo del maestro más la función que evalúa la base sobre el concepto amparado, compartida con el módulo de pólizas y con el de cálculos. Configurar la base exige un permiso distinto de editar, y el cambio se audita funcionalmente.",1) Eliminar un tipo en uso devuelve 409 2) La función de evaluación de la base es única y la comparten pólizas y cálculos 3) Cambiar la base de un tipo no recalcula las pólizas existentes 4) El cambio de base queda en la bitácora funcional y exige un permiso propio,Alta,Dev Backend,MAE-BE-01 MAE-BD-13 DEC-04,Pendiente,12,Alto,PR con pruebas de evaluación de base y de no recálculo retroactivo,Maestros,ADR-0019
MAE-BE-11,Autorización,Maestros completos,Como administrador necesito que cada acción sobre un maestro exija su propio permiso.,Permisos: definir y aplicar las acciones de los ocho maestros en backend,Backend,"Definir las acciones de consultar, crear, editar, cambiar estado y eliminar para cada maestro, más las acciones propias de configurar campos del tipo de contrato y configurar la base de cálculo del tipo de póliza, y aplicarlas en las rutas.",1) Cada ruta de maestro declara su permiso 2) Configurar campos está separado de editar en el tipo de contrato 3) Configurar base de cálculo está separado de editar en el tipo de póliza 4) Los permisos están sembrados en el catálogo y expuestos por la API,Alta,Dev Backend,FND-BE-13 FND-BD-05,Pendiente,10,Bajo,Matriz ruta-permiso de maestros y pruebas de 403,Maestros,"ADR-0003, 0004, 0006, 0007, 0008, 0009, 0010, 0019, 0014"
MAE-FE-01,Maestros de configuración,Patrón de vista,Como desarrollador necesito una vista de maestro reutilizable para no reconstruir ocho pantallas iguales.,Plantilla reutilizable de vista de maestro,Frontend,"Componer la vista de referencia con los componentes existentes: tabla, filtros, diálogo de creación y edición, confirmación de eliminación, chip de estado y pestañas por estado. El patrón a seguir es la página de usuarios, que ya integra todos con control de permisos.","1) Un maestro nuevo se monta declarando sus columnas, su formulario y sus permisos 2) La vista oculta las acciones según los permisos, entendido como control de experiencia y no de seguridad 3) El mensaje de bloqueo por uso muestra la cantidad de registros que lo impiden 4) Funciona en ancho de teléfono sin desbordamiento horizontal",Alta,Dev Frontend,FND-FE-02 FND-FE-03,Pendiente,16,Bajo,PR del patrón y capturas en escritorio y teléfono,Maestros,"ADR-0003, 0004, 0007, 0009, 0010, 0019"
MAE-FE-02,Maestros de configuración,Aseguradoras,Como administrador necesito una pantalla para mantener las aseguradoras.,"Vista, ruta, menú y archivo de API del maestro de aseguradoras",Frontend,"Listado con filtros, diálogo de creación y edición, confirmación de eliminación, entrada de menú, ruta y archivo de API. El mensaje de bloqueo de eliminación indica la cantidad de pólizas que lo impiden.","1) Listado, alta, edición, cambio de estado y eliminación funcionando contra la API 2) Entrada de menú y ruta registradas 3) El error 409 por uso se presenta de forma comprensible con la cantidad 4) Selector de aseguradoras activas disponible para el formulario de póliza",Alta,Dev Frontend,MAE-FE-01 MAE-BE-02,Pendiente,8,Bajo,PR y capturas del listado y del diálogo,Maestros,ADR-0003
MAE-FE-03,Maestros de configuración,Constructoras,Como administrador necesito una pantalla para mantener las constructoras.,"Vista, ruta, menú y archivo de API del maestro de constructoras",Frontend,"Listado, diálogo y confirmación sobre la plantilla, más el selector de constructoras activas que consume el formulario de obra.","1) Listado, alta, edición, cambio de estado y eliminación funcionando contra la API 2) El mensaje de bloqueo indica la cantidad de obras asociadas 3) Selector de activas disponible para el formulario de obra 4) Entrada de menú y ruta registradas",Alta,Dev Frontend,MAE-FE-01 MAE-BE-03,Pendiente,8,Bajo,PR y capturas del listado y del diálogo,Maestros,ADR-0004
MAE-FE-04,Maestros de configuración,Tipos de interventoría,Como administrador necesito una pantalla para mantener los tipos de interventoría.,"Vista, ruta, menú y archivo de API del maestro de tipos de interventoría",Frontend,"Listado, diálogo y confirmación sobre la plantilla, más el selector de tipos activos para el formulario de obra.",1) Operaciones completas funcionando contra la API 2) Selector de activos disponible para el formulario de obra 3) Entrada de menú y ruta registradas 4) El mensaje de bloqueo por uso indica la cantidad,Alta,Dev Frontend,MAE-FE-01 MAE-BE-04,Pendiente,6,Bajo,PR y capturas del listado y del diálogo,Maestros,ADR-0007
MAE-FE-05,Maestros de configuración,Tipos de proveedor,Como administrador necesito una pantalla para mantener los tipos de proveedor.,"Vista, ruta, menú y archivo de API del maestro de tipos de proveedor",Frontend,"Listado, diálogo y confirmación sobre la plantilla, más el selector de tipos activos para el formulario de proveedor. Si el tipo condicionara campos, el formulario debe alimentarse con descriptores del backend y no con condicionales en el cliente.",1) Operaciones completas funcionando contra la API 2) Selector de activos disponible para el formulario de proveedor 3) Ninguna regla por tipo se implementa con condicionales en el cliente 4) Entrada de menú y ruta registradas,Alta,Dev Frontend,MAE-FE-01 MAE-BE-05,Pendiente,6,Bajo,PR y capturas del listado y del diálogo,Maestros,ADR-0010
MAE-FE-06,Maestros de configuración,Tipos de dirección,Como administrador necesito una pantalla para mantener los tipos de dirección.,"Vista, ruta, menú y archivo de API del maestro de tipos de dirección",Frontend,"Listado, diálogo y confirmación sobre la plantilla, más el selector de tipos activos para el componente de contactos compartido entre obra y proveedor.",1) Operaciones completas funcionando contra la API 2) Selector de activos disponible para el componente de contactos 3) Entrada de menú y ruta registradas 4) El mensaje de bloqueo por uso indica la cantidad de contactos,Alta,Dev Frontend,MAE-FE-01 MAE-BE-06,Pendiente,6,Bajo,PR y capturas del listado y del diálogo,Maestros,ADR-0009
MAE-FE-07,Maestros de configuración,Tipos de identificación,Como usuario necesito que el formulario me avise si el número de documento no corresponde al tipo elegido.,Vista del maestro de tipos de identificación y validación de formato en el cliente,Frontend,"Listado y diálogo sobre la plantilla, más la validación de formato por tipo en los formularios de proveedor y de usuario, implementada para experiencia de usuario sin sustituir la del servidor.",1) Operaciones completas funcionando contra la API 2) Los formularios de proveedor y usuario tienen selector de tipos activos 3) La validación de formato avisa antes de enviar y el servidor la repite 4) Entrada de menú y ruta registradas,Alta,Dev Frontend,MAE-FE-01 MAE-BE-07,Pendiente,8,Bajo,PR y capturas de la validación de formato,Maestros,ADR-0008
MAE-FE-08,Configuración de tipos de contrato,Editor de configuración,"Como administrador necesito una matriz donde marcar por campo si aplica, si se ve y si es obligatorio.",Vista del editor de configuración del tipo de contrato,Frontend,"Matriz de campos con tres casillas por fila y el orden, sobre el catálogo que entrega el backend. La interfaz debe impedir marcar visible u obligatorio cuando el campo no aplica, reflejando la jerarquía estricta.",1) La matriz muestra todos los campos del catálogo con sus tres atributos y su orden 2) Desmarcar aplica deshabilita y limpia visible y obligatorio 3) El guardado envía el conjunto y el backend calcula el diferencial 4) Advertencia explícita de que el cambio afecta a todos los contratos futuros del tipo,Alta,Dev Frontend,MAE-BE-08,Pendiente,16,Medio,PR y captura de la matriz con la jerarquía aplicada,Maestros,ADR-0006 B6
MAE-FE-09,Configuración de tipos de contrato,Formulario configurable,Como usuario necesito que el formulario de contrato muestre solo los campos que aplican a su tipo.,Alimentar GenericFormSection con los descriptores del backend y presentar los valores heredados,Frontend,"El componente GenericFormSection ya existe y es el renderizador: la integración consiste en alimentarlo con los descriptores que entrega el backend. Un contrato existente con valor en un campo que dejó de aplicar muestra ese valor en solo lectura, marcado como heredado de una configuración anterior.","1) El formulario se construye solo con los descriptores recibidos, sin deducir nada en el cliente 2) Los tipos de campo del catálogo se corresponden con los que soporta el componente 3) Los valores heredados se muestran en solo lectura y marcados como tales 4) Ningún valor capturado se oculta ni se borra al cambiar la configuración del tipo",Alta,Dev Frontend,MAE-BE-09,Pendiente,14,Medio,PR y captura de un contrato con campo heredado en solo lectura,Maestros,ADR-0006
MAE-FE-10,Pólizas,Tipos de póliza,Como administrador necesito entender qué compone cada base de cálculo antes de asignarla a un tipo.,Vista del maestro de tipos de póliza con selector de base descriptivo,Frontend,"Listado y diálogo sobre la plantilla. El selector de base muestra la descripción de cada opción y no solo su nombre, porque quien configura debe entender qué compone cada base. El detalle de una póliza muestra qué base se le aplicó, para que el valor asegurado sea explicable.",1) Operaciones completas funcionando contra la API 2) Cada opción de base muestra su composición en texto 3) El formulario de póliza tiene selector de tipos activos 4) El detalle de la póliza muestra la base aplicada,Alta,Dev Frontend,MAE-FE-01 MAE-BE-10,Pendiente,8,Bajo,PR y captura del selector de base con descripciones,Maestros,ADR-0019
PRO-BD-01,Obras,Obra,"Como usuario necesito registrar una obra con su constructora, su tipo de contrato, su interventoría y sus valores.","Crear tabla, UNIQUE, FK, CHECK e índices de la obra",BD,"Tabla raíz del agregado de obra con código único, constructora, tipo de contrato, tipo de interventoría, área, costo directo, plazos inicial y ampliado, valores inicial y ampliado, valor máximo de orden de servicio, estado y auditoría. Los valores monetarios usan el tipo decimal exacto de la convención, nunca punto flotante.","1) UNIQUE sobre el código de obra 2) FK obligatorias y RESTRICT a constructora, tipo de contrato, tipo de interventoría y estado 3) CHECK de coherencia entre valores y plazos, inicial frente a ampliado 4) Todas las columnas monetarias siguen la convención decimal y ninguna es FLOAT",Crítica,Dev BD,FND-BD-02 MAE-BD-02 MAE-BD-03 MAE-BD-08,Pendiente,12,Medio,Migración y pruebas de violación de UNIQUE y CHECK,Proceso,ADR-0011
PRO-BD-02,Obras,Responsables de obra,Como usuario necesito asignar responsables a la obra y que sean usuarios reales del sistema.,"Crear tabla, UNIQUE, FK e índice de responsables de obra",BD,"Tabla intermedia con FK al usuario y a la obra, más rol, estado y auditoría propios de la asignación. Los responsables son usuarios del sistema: no se crea un registro de persona paralelo. La cardinalidad mínima de uno se valida en el backend porque el esquema no puede expresar un mínimo de filas relacionadas.","1) FK a la obra con CASCADE y al usuario con RESTRICT 2) UNIQUE sobre el par obra y usuario 3) El rol es un atributo de la asignación, no del usuario 4) Índices sobre ambas columnas de la clave",Alta,Dev BD,PRO-BD-01,Pendiente,6,Bajo,Migración y prueba de asignación duplicada rechazada,Proceso,ADR-0011
PRO-BD-03,Obras,Etapas de obra,Como usuario necesito dividir la obra en etapas ordenadas a las que imputar contratos y facturas.,"Crear tabla, UNIQUE, FK e índice de etapas de obra",BD,"Tabla con nombre, orden explícito como atributo propio, estado tomado de tbl_status e independiente del estado de la obra, y auditoría. El orden no es el resultado de la clave primaria ni de la fecha de creación.",1) FK a la obra con CASCADE y al estado con RESTRICT 2) UNIQUE sobre el par obra y nombre de etapa 3) El orden es una columna explícita 4) Índice por obra para la consulta de etapas,Alta,Dev BD,PRO-BD-01,Pendiente,6,Bajo,Migración y prueba de nombre de etapa duplicado en la misma obra,Proceso,ADR-0011
PRO-BD-04,Obras,Contactos de obra,Como usuario necesito registrar varios contactos de la obra y marcar uno como principal.,Crear tabla de contactos de obra con UNIQUE de contacto principal sobre columna generada,BD,"Tabla con FK a la obra en CASCADE y al tipo de dirección en RESTRICT, más dirección, teléfono, celular, fax, correo, observaciones y la marca de principal. A lo sumo un contacto principal por obra, garantizado por restricción y no solo por lógica aplicativa.",1) UNIQUE sobre columna generada que admite un solo principal por obra 2) Un mismo tipo de dirección puede repetirse dentro de la obra si no es principal 3) FK a la obra en CASCADE y al tipo de dirección en RESTRICT 4) Prueba que intenta dos contactos principales y es rechazada,Alta,Dev BD,PRO-BD-01 MAE-BD-05,Pendiente,8,Medio,Migración y prueba de dos contactos principales rechazada,Proceso,"ADR-0009, 0011"
PRO-BD-05,Proveedores,tbl_providers,Como usuario necesito que no existan dos proveedores con el mismo documento.,"Validar integridad, migrar datos y crear UNIQUE sobre tipo y número de documento",BD,"tbl_providers tiene un índice no único sobre el número de documento y admite nulos en el tipo y en el número. Depurar duplicados y nulos, hacer ambas columnas obligatorias y aplicar UNIQUE sobre el par. Es la brecha crítica del módulo de proveedores: sin la restricción, dos usuarios simultáneos crean el mismo proveedor.",1) Informe de duplicados y nulos generado y resuelto antes de aplicar la restricción 2) UNIQUE aplicada sobre el par tipo de identificación y número de documento 3) Ambas columnas declaradas NOT NULL 4) Prueba de concurrencia con dos inserciones simultáneas del mismo documento donde solo una tiene éxito,Crítica,Dev BD,MAE-BD-06 FND-BD-01,Pendiente,12,Alto,"Informe de depuración, migración y prueba de concurrencia",Proceso,"ADR-0012 B1 B5, 0008 B2 B4"
PRO-BD-06,Proveedores,Contactos de proveedor,Como usuario necesito registrar varios contactos del proveedor en lugar de uno solo sin tipo.,Crear tabla de contactos de proveedor y migrar el contacto embebido,BD,"tbl_providers embebe un contacto único y sin tipo en tres columnas. Crear la tabla de contactos con la misma estructura que la de obra, migrar los datos embebidos y retirar las columnas una vez verificada la migración.",1) Tabla creada con UNIQUE de contacto principal sobre columna generada 2) Los datos embebidos migrados y verificados fila a fila 3) Las columnas embebidas retiradas solo después de la verificación 4) Migración reversible con respaldo de los datos originales,Alta,Dev BD,MAE-BD-05 PRO-BD-05,Pendiente,10,Alto,"Script de migración, informe de verificación y migración de retiro",Proceso,"ADR-0009 B3, 0012 B6"
PRO-BD-07,Proveedores,Relación proveedor-obra,Como usuario necesito asignar un proveedor a varias obras sin duplicar su registro maestro.,Crear tabla de relación proveedor-obra con UNIQUE del par,BD,"Entidad propia con FK al proveedor y a la obra, más estado de la asignación, fecha, observaciones de esa participación y auditoría. Un proveedor no puede asignarse dos veces a la misma obra. Asignar un proveedor a una obra no crea un proveedor.",1) UNIQUE sobre el par proveedor y obra 2) FK con RESTRICT hacia ambos y su índice 3) Los atributos de la asignación viven aquí y no en el proveedor 4) Desasignar no elimina el proveedor del maestro,Alta,Dev BD,PRO-BD-01 PRO-BD-05,Pendiente,8,Medio,Migración y prueba de asignación duplicada rechazada,Proceso,ADR-0012 B2
PRO-BD-08,Proveedores,Relación proveedor-obra,Como analista necesito que el tipo de proveedor quede donde realmente corresponde según lo que confirme el negocio.,"Crear columna de tipo de proveedor en la relación proveedor-obra, condicional a DEC-10",BD,"Tarea condicional: si la validación determina que el tipo describe la participación del proveedor en una obra y no a la empresa, el atributo vive en la relación proveedor-obra y no en el proveedor. Los dos modelos son excluyentes y la decisión no puede tomarse desde el repositorio.",1) Se ejecuta solo si DEC-10 resuelve que el tipo describe la participación 2) La columna con su FK e índice queda en la tabla correcta 3) La columna de la otra ubicación no se crea o se retira 4) La decisión queda registrada en el ADR-0010,Media,Dev BD,DEC-10 PRO-BD-07,Pendiente,6,Alto,Migración condicional y acta de DEC-10,Proceso,ADR-0010
PRO-BD-09,Contratos,Contrato,"Como usuario necesito registrar contratos por obra, etapa y proveedor con su plazo y sus fechas.","Crear tabla, UNIQUE, FK, CHECK e índices del contrato",BD,"Raíz del agregado económico, con FK obligatorias y RESTRICT a obra, proveedor, etapa y tipo de contrato, nombre, número, plazo y unidad, fecha de inicio, fecha fin derivada y persistida, acumulador de días suspendidos, estado, versión de configuración y clave de idempotencia. El contrato no almacena su valor ni sus saldos. La fecha de vencimiento no se implementa hasta definir su semántica.","1) UNIQUE del número dentro de la obra, según lo que resuelva DEC-17 2) CHECK de fecha fin mayor o igual a fecha de inicio 3) La unidad es un dominio cerrado de día, mes y año, sin campo de frecuencia separado 4) No existen columnas de valor del contrato, de saldos ni de fecha de vencimiento",Crítica,Dev BD,PRO-BD-01 PRO-BD-03 PRO-BD-05 MAE-BD-08 FND-BD-02 FND-BD-14 DEC-12 DEC-13 DEC-17,Pendiente,14,Alto,Migración y pruebas de UNIQUE y CHECK,Proceso,ADR-0015
PRO-BD-10,Contratos,Historial de estado de contrato,Como auditor necesito el registro completo e inalterable de cada cambio de estado del contrato.,"Crear tabla de historial de estado de contrato, de solo escritura",BD,"Tabla con contrato, estado anterior, estado nuevo, origen automático o manual, motivo desde tbl_reasons, observación, usuario, fecha, condición fallida cuando la evaluación no transiciona, y clave de idempotencia con UNIQUE. Nunca se modifica ni se elimina.","1) UNIQUE sobre la clave de idempotencia de la transición 2) FK al contrato, al motivo y al usuario 3) La aplicación no ejecuta UPDATE ni DELETE sobre esta tabla 4) Índice por contrato y fecha para la vista de historial",Alta,Dev BD,PRO-BD-09 FND-BD-14,Pendiente,8,Medio,Migración y prueba de repetición de transición con la misma clave,Proceso,ADR-0017
PRO-BD-11,Contratos,Conceptos contractuales,"Como usuario necesito registrar el valor inicial, los otrosí y el otrosí de liquidación de un contrato.","Crear tabla de conceptos con columnas generadas, tres UNIQUE y CHECK",BD,"Tabla única para los tres tipos de concepto, discriminados por un atributo de tipo, con costo directo, porcentajes de AIU desagregado, IVA, anticipo y retenido, prórroga, estado y auditoría. No almacena el valor del concepto ni los valores de anticipo y retenido: se derivan.",1) UNIQUE sobre columna generada que garantiza exactamente un valor inicial por contrato 2) UNIQUE sobre columna generada que garantiza como máximo un otrosí de liquidación 3) UNIQUE del número de otrosí dentro del contrato 4) CHECK de rangos de los porcentajes y decimales exactos en todos los importes,Crítica,Dev BD,PRO-BD-09 FND-BD-02 DEC-18,Pendiente,14,Alto,Migración y pruebas de las tres restricciones de cardinalidad,Proceso,ADR-0016 I6 I7 I8
PRO-BD-12,Contratos,Suspensiones de contrato,Como usuario necesito suspender un contrato indicando el motivo y qué debe ocurrir para reanudarlo.,Crear tabla de suspensiones con UNIQUE de una sola suspensión abierta,BD,"Tabla con contrato, estado previo a la suspensión, motivo obligatorio desde tbl_reasons, fecha de suspensión, condición de levantamiento obligatoria, observación, fecha de levantamiento nula mientras esté abierta, indicador de si genera informe de interventoría y auditoría.","1) UNIQUE sobre columna generada que admite una sola suspensión abierta por contrato 2) Motivo, fecha de suspensión y condición de levantamiento declarados NOT NULL 3) FK al contrato, al motivo y al estado previo 4) Prueba que intenta una segunda suspensión abierta y es rechazada",Alta,Dev BD,PRO-BD-09,Pendiente,8,Medio,Migración y prueba de segunda suspensión abierta rechazada,Proceso,ADR-0017 I9
PRO-BD-13,Facturación,Facturación de avance de obra,Como usuario necesito facturar el avance de la obra mientras el contrato está en ejecución.,"Crear tabla de detalle de la factura de avance, condicional a DEC-01",BD,"Tarea condicional y bloqueante para contratos de larga duración. La factura de liquidación se asocia al otrosí de liquidación, por lo que hoy no existe mecanismo para facturar el avance durante la ejecución. La estructura depende por completo de cómo se resuelva la decisión.",1) Se ejecuta solo tras resolver DEC-01 2) La estructura elegida queda documentada en el ADR-0021 antes de implementarse 3) Incorpora clave de idempotencia y decimales exactos como el resto de detalles 4) No se implementa ninguna estructura provisional mientras la decisión esté abierta,Crítica,Dev BD,DEC-01 PRO-BD-14,Pendiente,10,Alto,"Acta de DEC-01, actualización del ADR-0021 y migración",Proceso,ADR-0021 B1
PRO-BD-14,Facturación,"Factura, encabezado común",Como usuario necesito registrar facturas con y sin contrato bajo un mismo encabezado.,"Crear tabla del encabezado de factura con UNIQUE, CHECK e índices",BD,"Encabezado común a los cuatro tipos con proveedor, contrato nulo solo en el tipo simple, etapa, tipo, número, fecha de factura, fecha de aprobación, número de comprobante, extracto, descripción, clave de idempotencia, estado y versión de fórmula. No almacena totales ni saldos.","1) CHECK que exige contrato nulo en el tipo simple y no nulo en los demás 2) CHECK que exige que el estado aprobada equivalga a tener fecha de aprobación 3) UNIQUE del número por proveedor, según lo que resuelva DEC-17, y UNIQUE de la clave de idempotencia 4) No existen columnas de total facturado, neto a pagar ni saldos",Crítica,Dev BD,PRO-BD-09 PRO-BD-03 PRO-BD-05 FND-BD-02 FND-BD-14 DEC-17,Pendiente,14,Alto,Migración y pruebas de los dos CHECK y de las dos restricciones UNIQUE,Proceso,ADR-0020 I11 I13 I14
PRO-BD-15,Facturación,Historial de estado de factura,Como auditor necesito el registro de cada cambio de estado de una factura.,Crear tabla de historial de estado de factura con clave de idempotencia,BD,"Tabla con factura, estado anterior, estado nuevo, motivo de anulación, usuario, fecha y clave de idempotencia con UNIQUE, que permite que una repetición de aprobar o anular devuelva el estado ya alcanzado.",1) UNIQUE sobre la clave de idempotencia de la transición 2) FK a la factura y al usuario 3) La aplicación no actualiza ni elimina filas de esta tabla 4) Índice por factura y fecha,Alta,Dev BD,PRO-BD-14 FND-BD-14,Pendiente,6,Medio,Migración y prueba de doble aprobación con la misma clave,Proceso,"ADR-0020, 0027"
PRO-BD-16,Facturación,Detalle de factura simple,Como usuario necesito registrar facturas de proveedor sin contrato imputadas a una etapa.,Crear tabla de detalle de factura simple con relación uno a uno,BD,"Detalle con valor, descuento AI, porcentajes congelados de IVA, retención en la fuente y retención de IVA, tarifa de ICA, flete y descuento por pronto pago. No almacena subtotal, IVA, retenciones, total facturado ni neto a pagar: todos se derivan.","1) UNIQUE sobre la factura, que garantiza la relación uno a uno 2) Decimales exactos en todos los importes y porcentajes 3) CHECK de rangos de los porcentajes y de valor mayor que cero 4) No existe ninguna columna de importe calculado",Alta,Dev BD,PRO-BD-14 FND-BD-02,Pendiente,8,Medio,Migración y prueba de segundo detalle rechazado,Proceso,ADR-0023
PRO-BD-17,Facturación,Detalle de factura de anticipo,Como usuario necesito registrar la factura del anticipo pactado en el contrato.,Crear tabla de detalle de factura de anticipo con relación uno a uno,BD,"Detalle mínimo con el valor del anticipo, en decimal exacto y mayor que cero. El anticipo se asocia al contrato y no a un concepto, porque se controla como un saldo único por contrato.",1) UNIQUE sobre la factura 2) CHECK de valor mayor que cero 3) Decimal exacto según la convención 4) Ninguna columna de saldo ni de total,Alta,Dev BD,PRO-BD-14 FND-BD-02,Pendiente,5,Bajo,Migración y prueba del CHECK de valor,Proceso,ADR-0021
PRO-BD-18,Facturación,Detalle de factura de liquidación,Como usuario necesito que la factura de liquidación quede asociada al otrosí de liquidación del contrato.,Crear tabla de detalle de factura de liquidación con FK al concepto de liquidación,BD,"Detalle con FK obligatoria al concepto de tipo otrosí de liquidación, valor, porcentajes congelados de utilidad, IVA y retenciones, tarifa de ICA, valor de amortización y valor de retenido como movimientos, sus porcentajes por defecto como evidencia, y descuento de materiales. La asociación al otrosí de liquidación está confirmada con el área usuaria.","1) UNIQUE sobre la factura y FK obligatoria al concepto 2) Se evalúa y documenta el uso de FK compuesta contrato y concepto para garantizar la pertenencia 3) Los valores de amortización y retenido se almacenan como movimientos, no como saldos 4) Ningún total ni neto a pagar se almacena",Crítica,Dev BD,PRO-BD-14 PRO-BD-11 FND-BD-02 DEC-03,Pendiente,12,Alto,Migración y prueba de concepto de otro contrato rechazado,Proceso,"ADR-0021, 0016"
PRO-BD-19,Facturación,Detalle de devolución de retenido,Como usuario necesito registrar la devolución del retenido acumulado del contrato.,Crear tabla de detalle de devolución de retenido con relación uno a uno,BD,"Detalle mínimo con el valor de la devolución, en decimal exacto y mayor que cero. Se asocia al contrato, y su tope es el saldo de retenido, que se valida en el backend bajo bloqueo porque relaciona sumas de varias filas.",1) UNIQUE sobre la factura 2) CHECK de valor mayor que cero 3) Decimal exacto según la convención 4) El tope frente al saldo no se expresa en el esquema y queda documentado como invariante de backend,Alta,Dev BD,PRO-BD-14 FND-BD-02,Pendiente,5,Bajo,Migración y prueba del CHECK de valor,Proceso,"ADR-0021, 0025"
PRO-BD-20,Pólizas,Póliza,Como usuario necesito registrar las pólizas que amparan cada concepto del contrato.,"Crear tabla de póliza con versionado, UNIQUE de versión vigente e índice de vigencia",BD,"Tabla con FK obligatorias al contrato y al concepto amparado, tipo de póliza, aseguradora, número, porcentaje, fechas de vigencia que admiten nulo, observación, versión, indicador de vigente, la clave de la base aplicada copiada del tipo, estado y auditoría. No almacena el valor asegurado.","1) UNIQUE sobre columna generada que admite una sola versión vigente por póliza lógica 2) FK con RESTRICT al contrato, concepto, tipo y aseguradora 3) Índice sobre la fecha de fin de vigencia para los indicadores del dashboard 4) La clave de la base aplicada se copia al emitir y el valor asegurado no se almacena",Alta,Dev BD,PRO-BD-11 MAE-BD-01 MAE-BD-13 DEC-04,Pendiente,12,Alto,Migración y prueba de segunda versión vigente rechazada,Proceso,ADR-0018 I10
PRO-BD-21,Facturación,Facturación completa,Como responsable técnico necesito que el cálculo de saldos no degrade cuando un contrato acumule cientos de facturas.,Crear índice y revisar impacto de índices en facturación,BD,"Crear el índice por contrato, tipo y estado que sostiene el cálculo de los saldos de anticipo y retenido, y revisar su impacto sobre las escrituras de factura, que ocurren bajo bloqueo del contrato y deben ser cortas.","1) Índice por contrato, tipo y estado creado en el encabezado de factura 2) Plan de ejecución del cálculo de saldos documentado antes y después 3) El tiempo de la transacción de aprobación medido y dentro del objetivo acordado 4) Ningún índice creado sin una consulta que lo justifique",Alta,Dev BD,PRO-BD-14 PRO-BD-17 PRO-BD-18 PRO-BD-19,Pendiente,8,Medio,Planes de ejecución y medición de tiempos de transacción,Proceso,"ADR-0021, 0024, 0025, 0027"
PRO-BD-22,Cálculo,Tarifas tributarias,"Como área contable necesito que las tarifas de IVA, retención en la fuente e ICA tengan un valor por defecto con vigencia.",Crear tabla de tarifas tributarias por defecto con vigencia,BD,"Tabla de configuración de tarifas con vigencia, condicional a DEC-07. La tarifa se copia a la factura al capturarla, de modo que cambiarla después no altera las facturas ya registradas: se copia la regla y se deriva el resultado.","1) Se crea solo si DEC-07 confirma la captura como tasa con tarifas por defecto 2) Cada tarifa tiene vigencia desde y hasta, sin solapamiento, garantizado por restricción o por validación documentada 3) La factura copia la tarifa al registrarse y no la referencia 4) Cambiar una tarifa no modifica ninguna factura existente",Media,Dev BD,DEC-07 FND-BD-02,Pendiente,8,Medio,Migración y prueba de no recálculo retroactivo,Proceso,"ADR-0026 B5, 0023 B7"
PRO-BD-23,Cálculo,Contrato y conceptos,Como usuario necesito poder apagar la solicitud de AIU en un contrato concreto.,"Crear columna de solicitud de AIU en el contrato y de porcentajes A, I y U en el concepto",BD,"El AIU se decide en cadena: el tipo de contrato declara si aplica, el contrato puede apagarlo con permiso propio y auditoría, y el concepto pacta los porcentajes desagregados de administración, imprevistos y utilidad. El desagregado es necesario porque la factura de liquidación pide el porcentaje de utilidad, que no puede derivarse de un AIU total.","1) Columna booleana de solicitud de AIU en el contrato, con valor por defecto tomado de la configuración del tipo 2) Tres columnas de porcentaje desagregado en el concepto, con CHECK de rango 3) Los porcentajes solo se capturan si el contrato solicita AIU 4) La ubicación del apagado corresponde a lo que resuelva el punto abierto P13",Alta,Dev BD,PRO-BD-09 PRO-BD-11 MAE-BD-09,Pendiente,8,Medio,Migración y pruebas de los CHECK de rango,Proceso,ADR-0026 B6
PRO-BD-24,Dashboard,Indicadores,Como usuario necesito que el tablero cargue rápido aunque haya muchos contratos y pólizas.,Crear índice y revisar rendimiento de las agregaciones del dashboard,BD,"Crear los índices sobre las columnas de fecha de vigencia, estado y claves foráneas que usan las agregaciones, y medir antes de introducir cualquier precálculo. No se introduce materialización ni caché hasta que exista evidencia medida de que el cálculo directo no rinde.","1) Índices creados solo donde la medición lo indica 2) Plan de ejecución y tiempo medido de cada indicador documentados 3) No se introduce precálculo, vista materializada ni caché en esta fase 4) Volumen de prueba representativo acordado y usado en la medición",Media,Dev BD,PRO-BD-20 PRO-BD-14 PRO-BD-09,Pendiente,10,Medio,Informe de medición con planes de ejecución y tiempos,Proceso,ADR-0002
PRO-BD-25,Integridad transaccional,Esquema del CORE,Como responsable técnico necesito que cada invariante se garantice en el nivel más bajo que pueda expresarlo.,Validar integridad: aplicar el catálogo de invariantes expresables en el esquema,BD,"Revisar que las invariantes I6 a I15 estén efectivamente declaradas en el esquema mediante UNIQUE, CHECK y columnas generadas, y documentar cuáles no son expresables y quedan garantizadas por bloqueo y revalidación en el backend.",1) Las diez invariantes expresables están declaradas y probadas una a una 2) Las cinco invariantes de saldo quedan documentadas como responsabilidad del backend 3) Una prueba por invariante que intenta violarla y es rechazada 4) El catálogo de invariantes queda publicado junto a las migraciones,Crítica,Dev BD + Tech Lead,PRO-BD-09 PRO-BD-11 PRO-BD-12 PRO-BD-14 PRO-BD-20,Pendiente,12,Alto,Catálogo publicado y suite de pruebas de invariantes,Proceso,ADR-0027
PRO-BD-26,Proveedores,tbl_providers,Como responsable funcional necesito resolver los proveedores duplicados que ya existen antes de aplicar la restricción.,Migrar datos existentes: proceso de consolidación de proveedores duplicados,BD,"Definir y ejecutar el proceso de consolidación de duplicados preexistentes: identificación, criterio de supervivencia, reasignación de referencias y registro del resultado. Sin este proceso la restricción UNIQUE no puede aplicarse.",1) Informe de duplicados con el criterio de consolidación acordado con el área usuaria 2) Las referencias del duplicado quedan reasignadas al superviviente antes de eliminarlo 3) El proceso queda registrado y es auditable 4) La restricción UNIQUE se aplica sin errores después de la consolidación,Alta,Dev BD + Área usuaria,PRO-BD-05,Pendiente,10,Alto,"Informe de duplicados, script de consolidación y registro del resultado",Proceso,ADR-0012 B16
PRO-BE-01,Obras,Obras,"Como usuario necesito guardar la obra y sus responsables, etapas y contactos en una sola operación.",Transacciones: servicio de guardado atómico de la obra con diferencial de colecciones,Backend,"El guardado de una obra es atómico: la obra y sus tres colecciones se escriben en una única transacción. Las colecciones se guardan por diferencial, calculando altas, bajas y modificaciones respecto del estado actual, lo que preserva los identificadores y con ellos la auditoría y las referencias externas.","1) O se persiste el expediente completo o no se persiste nada 2) Las colecciones se guardan por diferencial y no borrando e insertando todo 3) Toda escritura usa la conexión de la transacción, verificado explícitamente 4) Un fallo en cualquier punto revierte también los responsables, etapas y contactos",Crítica,Dev Backend,FND-BE-24 PRO-BD-01 PRO-BD-02 PRO-BD-03 PRO-BD-04,Pendiente,24,Alto,PR y pruebas de rollback con fallo en cada colección,Proceso,ADR-0011
PRO-BE-02,Obras,Obras,Como usuario necesito dar de alta un responsable nuevo desde el formulario de obra sin saltarme los controles de seguridad.,Service: alta de responsable invocando el servicio de usuarios existente,Backend,"El alta de un responsable nuevo desde el formulario de obra crea un usuario del sistema con los mismos controles que el alta administrativa: verificación de unicidad, perfil, estado y permisos. No es un atajo que evite las validaciones de seguridad, y ocurre en la misma transacción que la obra.","1) El servicio de obra invoca el servicio de alta de usuarios y no reimplementa el alta 2) El usuario nuevo pasa por las mismas validaciones que el alta administrativa 3) Si la obra falla, el usuario no queda creado 4) El selector de responsables candidatos se alimenta del servicio de usuarios por permiso",Alta,Dev Backend,PRO-BE-01,Pendiente,12,Alto,PR y prueba de rollback que verifica que el usuario no se creó,Proceso,ADR-0011 B7
PRO-BE-03,Obras,Obras,Como usuario necesito buscar y filtrar obras por varios criterios sin que la consulta sea vulnerable.,Query SQL y validaciones: listado de obras parametrizado y validación de cabecera,Backend,"El listado de obras tendrá más filtros que ningún otro módulo, por lo que las consultas parametrizadas son obligatorias y el campo de ordenamiento debe venir de una lista blanca. Los JOIN a los maestros son externos para que ninguna obra desaparezca por el estado de su constructora o de su tipo.","1) Ningún parámetro del cliente se concatena a la cadena SQL 2) Lista blanca para el campo y el sentido de ordenamiento 3) JOIN externos a todos los maestros 4) Validación de cabecera: obligatorios, coherencia de valores y plazos, unicidad del código y al menos un responsable",Alta,Dev Backend,PRO-BE-01 FND-BE-30,Pendiente,14,Medio,PR con pruebas de inyección y de visibilidad con maestro inactivo,Proceso,ADR-0011 B4 B8
PRO-BE-04,Obras,Obras,Como administrador necesito que no se elimine una obra que ya tiene contratos.,"Reglas de negocio, permisos y auditoría del módulo de obras",Backend,"Eliminación lógica bloqueada si la obra tiene contratos asociados, con error explícito. Nueve acciones de permiso aplicadas en backend y auditoría funcional de valores, plazos, constructora, tipo de contrato y asignación de responsables.",1) Eliminar una obra con contratos devuelve 409 con el motivo y la cantidad 2) Las nueve acciones están declaradas en las rutas y sembradas en el catálogo 3) La auditoría funcional registra valor anterior y nuevo de valores y plazos 4) Las partes dependientes se eliminan en cascada con la obra según la política definida,Alta,Dev Backend,PRO-BE-01 FND-BE-13 FND-BE-22,Pendiente,12,Medio,"PR, matriz ruta-permiso y registros de bitácora de ejemplo",Proceso,ADR-0011 B10
PRO-BE-05,Proveedores,Proveedores,Como usuario necesito buscar un proveedor por su documento antes de crearlo.,"Endpoint, controller y service del módulo de proveedores con búsqueda parametrizada",Backend,"Módulo completo con listado, obtención, creación, edición, cambio de estado, eliminación lógica y búsqueda por documento o razón social. La búsqueda por documento es el punto de mayor riesgo de inyección del módulo y debe ir parametrizada.","1) Todas las consultas parametrizadas, con lista blanca de ordenamiento 2) La búsqueda por documento devuelve el proveedor existente y su estado de asignación a la obra en contexto 3) Eliminar un proveedor con asignaciones a obras devuelve 409 4) Prueba de inyección sobre el buscador por documento",Alta,Dev Backend,PRO-BD-05 PRO-BD-06 FND-BE-29,Pendiente,16,Medio,PR con pruebas de inyección y de bloqueo por uso,Proceso,ADR-0012 B3 B9
PRO-BE-06,Proveedores,Proveedores,Como usuario necesito que si el documento ya existe el sistema me ofrezca asignar el proveedor en lugar de fallar.,Manejo de errores: creación de proveedor con tratamiento de ER_DUP_ENTRY,Backend,"La verificación previa es una cortesía; la restricción UNIQUE es la garantía. El servicio intenta la inserción y traduce el error de duplicado a un 409 con el proveedor existente en la respuesta, de modo que el flujo de crear nuevo converja con el de agregar existente.",1) El servicio maneja el error de duplicado además de la verificación previa 2) La respuesta 409 incluye el proveedor existente para que el cliente ofrezca asignarlo 3) Crear desde el formulario de obra inserta el proveedor y su asignación en la misma transacción 4) Prueba de concurrencia donde dos creaciones simultáneas producen un proveedor y un 409,Alta,Dev Backend,PRO-BE-05 PRO-BD-07 FND-BE-32,Pendiente,12,Alto,PR y prueba de concurrencia con dos creaciones simultáneas,Proceso,ADR-0012
PRO-BE-07,Proveedores,Relación proveedor-obra,Como usuario necesito asignar y desasignar proveedores de una obra sin afectar al maestro.,Endpoint y service de asignación y desasignación proveedor-obra,Backend,Servicios de asignación y desasignación invocables tanto desde el módulo de proveedores como desde el de obras. Desasignar no elimina el proveedor del maestro. La asignación y la desasignación se auditan funcionalmente.,1) Un proveedor ya asignado a la obra devuelve 409 al intentar asignarlo de nuevo 2) Desasignar conserva el proveedor en el maestro 3) Ambas operaciones quedan en la bitácora funcional con autor y fecha 4) Los servicios son invocables desde el guardado transaccional de la obra,Alta,Dev Backend,PRO-BD-07 PRO-BE-05 FND-BE-22,Pendiente,10,Medio,"PR, pruebas de asignación duplicada y registros de bitácora",Proceso,ADR-0012
PRO-BE-08,Proveedores,Proveedores,Como administrador necesito que cada acción sobre proveedores exija su permiso y quede auditada.,Permisos y auditoría del módulo de proveedores,Backend,"Ocho acciones de permiso aplicadas en backend y auditoría funcional de los cambios de identidad y de la asignación y desasignación a obras; técnica para el resto de atributos.",1) Las ocho acciones declaradas en las rutas y sembradas en el catálogo 2) Cambio de tipo o número de documento registrado en la bitácora funcional 3) Contactos y observaciones con auditoría técnica 4) Pruebas de 403 por cada acción,Alta,Dev Backend,PRO-BE-05 FND-BE-13 FND-BE-22,Pendiente,8,Bajo,Matriz ruta-permiso y registros de bitácora,Proceso,ADR-0012 B12
PRO-BE-09,Contratos,Contratos,Como usuario necesito crear un contrato con su valor inicial y sus pólizas en una sola operación.,Transacciones: módulo de contratos y creación atómica del agregado,Backend,"La creación escribe en una sola transacción el contrato, su concepto de valor inicial, sus pólizas y el historial con el estado en ejecución. El mínimo de un valor inicial no es expresable en el esquema y se garantiza precisamente porque ambos se crean juntos.","1) Contrato, concepto inicial, pólizas e historial se crean en una sola transacción 2) Un contrato nunca queda sin su concepto de valor inicial 3) La clave de idempotencia impide que un doble envío cree dos contratos 4) Un fallo en cualquier punto no deja nada persistido",Crítica,Dev Backend,FND-BE-24 FND-BE-27 PRO-BD-09 PRO-BD-11 PRO-BD-10,Pendiente,20,Alto,PR y pruebas de rollback y de doble envío,Proceso,"ADR-0015, 0016 I6, 0027"
PRO-BE-10,Contratos,Contratos,Como usuario necesito que la fecha fin del contrato se calcule sola y se mantenga correcta.,Service: función única de cálculo de la fecha fin del contrato,Backend,"La fecha fin es un valor derivado, calculado exclusivamente en el backend y persistido. Una sola función la calcula a partir de la fecha de inicio, el plazo en su unidad, la suma de prórrogas de todos los otrosí y los días acumulados en suspensión, y se invoca desde todos los eventos que la afectan, dentro de su transacción.","1) Una sola función de cálculo invocada por los cuatro eventos que afectan a la fecha fin 2) El cálculo usa la zona horaria explícita del servidor y nunca una fecha enviada por el cliente 3) Mientras el contrato está suspendido sin fecha de levantamiento la fecha fin queda congelada y marcada como provisional 4) Pruebas de cada evento: cambio de inicio, cambio de plazo, otrosí con prórroga y levantamiento de suspensión",Crítica,Dev Backend,PRO-BE-09 FND-BD-03 DEC-14,Pendiente,14,Alto,PR y suite de pruebas de los cuatro eventos,Proceso,ADR-0015
PRO-BE-11,Contratos,Contratos,Como usuario necesito que el sistema impida asociar un contrato a una etapa que no es de su obra.,"Validaciones: coherencia de etapa, proveedor y obra en el contrato",Backend,La etapa debe pertenecer a la obra del contrato y el proveedor debe estar asignado a esa obra. Son invariantes que el esquema no puede expresar y que se validan en el backend en creación y edición.,"1) Una etapa de otra obra devuelve 400 o 409 con un mensaje que lo explica 2) Un proveedor no asignado a la obra devuelve 409 3) Las validaciones se ejecutan dentro de la transacción, no antes de abrirla 4) Pruebas de ambos casos en creación y en edición",Alta,Dev Backend,PRO-BE-09 PRO-BD-07,Pendiente,8,Medio,PR y pruebas de etapa y proveedor incoherentes,Proceso,ADR-0015
PRO-BE-12,Contratos,Contratos,Como usuario necesito que dos personas no puedan modificar el mismo contrato a la vez y dejarlo inconsistente.,Manejo de concurrencia: bloqueo pesimista del agregado y eliminación bloqueada por facturas,Backend,"Toda operación que afecte al agregado del contrato bloquea la fila del contrato como primera sentencia de la transacción. La eliminación es lógica y está bloqueada si el contrato tiene facturas registradas, con independencia de su estado.","1) El bloqueo es la primera sentencia de cada transacción del agregado, antes de cualquier lectura 2) El orden de bloqueo es contrato, factura, póliza o concepto 3) Eliminar un contrato con facturas devuelve 409 con el motivo 4) Prueba de concurrencia que demuestra la serialización sobre el mismo contrato",Crítica,Dev Backend,FND-BE-25 PRO-BE-09,Pendiente,12,Alto,PR y prueba de concurrencia con dos sesiones,Proceso,"ADR-0015, 0027"
PRO-BE-13,Contratos,Contratos,Como responsable funcional necesito saber si alguna fecha fin persistida dejó de coincidir con su cálculo.,Service: proceso de conciliación de la fecha fin que reporta sin corregir,Backend,Proceso programado que compara la fecha fin persistida con la derivada y reporta las discrepancias sin corregirlas en silencio. Corregir automáticamente ocultaría el defecto que produjo la discrepancia.,"1) El proceso reporta y nunca escribe 2) El informe identifica contrato, fecha persistida, fecha derivada y diferencia 3) Se ejecuta sobre el cron ya montado 4) Una discrepancia introducida a propósito aparece en el informe",Media,Dev Backend,PRO-BE-10 FND-BE-36,Pendiente,8,Bajo,Informe de conciliación con una discrepancia provocada,Proceso,ADR-0015
PRO-BE-14,Contratos,Conceptos contractuales,Como usuario necesito registrar otrosí y el otrosí de liquidación con sus propios porcentajes.,"Endpoint, controller y service de conceptos contractuales por tipo de acto",Backend,"Endpoints separados por tipo de acto, cada uno con su permiso. Cada concepto declara sus propios porcentajes de AIU, anticipo y retenido, que no se heredan del contrato ni del concepto anterior. El valor vigente del contrato es la suma de sus conceptos y no se almacena.",1) Un endpoint y un permiso por tipo de acto 2) La función de cálculo del valor de un concepto es única y compartida con el módulo de cálculo 3) No se admiten otrosí posteriores al otrosí de liquidación 4) El valor vigente se calcula en cada consulta y no se persiste en el contrato,Crítica,Dev Backend,PRO-BD-11 PRO-BE-09 PRO-BE-36,Pendiente,18,Alto,PR y pruebas de los tres tipos de acto,Proceso,ADR-0016
PRO-BE-15,Contratos,Conceptos contractuales,Como usuario necesito que el número de otrosí lo asigne el sistema y no se repita.,Manejo de concurrencia: numeración secuencial de otrosí bajo bloqueo del contrato,Backend,"El número de otrosí lo asigna el backend, es secuencial por contrato y no se reutiliza. Se calcula como el máximo más uno dentro de la transacción y bajo bloqueo de la fila del contrato. El otrosí de liquidación no participa en esa numeración.",1) El número nunca se acepta desde el cliente 2) El cálculo ocurre bajo bloqueo del contrato y dentro de la transacción 3) Dos creaciones simultáneas producen números distintos y consecutivos 4) El otrosí de liquidación se identifica por tipo y no consume número de secuencia,Crítica,Dev Backend,PRO-BE-14 FND-BE-25,Pendiente,10,Alto,PR y prueba de concurrencia con dos otrosí simultáneos,Proceso,ADR-0016 I8
PRO-BE-16,Contratos,Conceptos contractuales,Como auditor necesito que no se cambien los valores pactados después de haber facturado.,Reglas de negocio: inmutabilidad de los conceptos tras la primera factura aprobada,Backend,"Tras la primera factura aprobada del contrato, los valores económicos de todos sus conceptos existentes son inmutables, incluidos los porcentajes de anticipo y de retenido. Un concepto registrado por error se corrige con un otrosí que lo compense, no borrándolo.","1) Modificar un concepto con facturas aprobadas devuelve 409 con la explicación 2) Los conceptos no se eliminan; la única excepción admitida es la anulación acotada que resuelva DEC-18 3) La verificación de existencia de facturas se hace bajo bloqueo 4) Prueba que intenta modificar un porcentaje tras aprobar una factura",Alta,Dev Backend,PRO-BE-14 PRO-BE-23 DEC-18,Pendiente,10,Alto,PR y prueba de modificación rechazada tras aprobación,Proceso,"ADR-0016, 0024, 0025"
PRO-BE-17,Estados de contrato,Estados de contrato,Como usuario necesito saber por qué un contrato no se liquida cuando creo que ya debería.,Reglas de negocio: evaluador de las condiciones de liquidación C1 a C8,Backend,"Función que evalúa las ocho condiciones de cierre tras cada evento de facturación aprobada, dentro de su transacción y bajo bloqueo. Ninguna condición aislada basta: deben cumplirse todas a la vez. Cuando alguna falla, se registra cuál, porque poder responder que falta un saldo de retenido concreto es tan importante como la transición misma.","1) Las ocho condiciones se evalúan juntas y bajo bloqueo del contrato 2) Si todas se cumplen, la transición a liquidado ocurre en la misma transacción 3) Si alguna falla, se registra cuál en el historial para diagnóstico 4) C7 y C8 se implementan solo según lo que resuelva DEC-15",Crítica,Dev Backend,PRO-BE-29 PRO-BE-31 PRO-BE-23 DEC-15,Pendiente,20,Alto,PR y suite de pruebas con una condición fallando cada vez,Proceso,ADR-0017
PRO-BE-18,Estados de contrato,Estados de contrato,Como usuario necesito que el estado del contrato solo cambie por las transiciones permitidas.,Reglas de negocio: máquina de estados declarativa del contrato,Backend,"El estado es un atributo controlado, no un campo editable. Las transiciones válidas se declaran como dato y residen en un punto único consultable por los demás módulos. Una transición no declarada se rechaza con 409 y no con un error genérico. Las transiciones automáticas se evalúan dentro de la transacción del hecho que las causa, nunca por proceso programado.",1) Las transiciones válidas están declaradas como dato en un solo lugar 2) Una transición no declarada devuelve 409 con el detalle 3) Las opciones de transición ofrecidas al cliente provienen del backend 4) Los estados se comparan por clave simbólica y nunca por identificador numérico,Crítica,Dev Backend,PRO-BD-10 FND-BD-04 PRO-BE-09,Pendiente,16,Alto,PR y pruebas de cada transición válida e inválida,Proceso,ADR-0017
PRO-BE-19,Estados de contrato,Suspensiones,Como usuario necesito suspender y reanudar un contrato registrando el motivo y la condición de reanudación.,Endpoint y service de suspensión y levantamiento con recálculo del plazo,Backend,"La suspensión es un estado superpuesto: el contrato conserva el estado del que proviene y regresa a él al levantarla. Captura seis atributos, la fecha de levantamiento se captura al reanudar y al levantar se acumulan los días transcurridos y se recalcula la fecha fin.","1) El contrato regresa al estado previo al levantar y no a un estado fijo 2) Solo puede haber una suspensión abierta, garantizado por restricción y verificado bajo bloqueo 3) Al levantar se acumulan los días y se invoca la función única de cálculo de fecha fin 4) Suspender y levantar exigen permiso propio y motivo obligatorio",Alta,Dev Backend,PRO-BD-12 PRO-BE-18 PRO-BE-10,Pendiente,14,Alto,"PR y pruebas de suspensión, levantamiento y recálculo de fecha fin",Proceso,"ADR-0017, 0015"
PRO-BE-20,Estados de contrato,Efectos de estado,Como usuario necesito que el sistema impida registrar un otrosí en un contrato suspendido o liquidado.,"Reglas de negocio y permisos: efectos de cada estado aplicados en conceptos, facturación y pólizas",Backend,Los efectos de cada estado sobre las operaciones se declaran en un solo lugar y se aplican en el backend de cada módulo afectado. Los documentos siempre pueden adjuntarse y la consulta nunca se bloquea por estado.,"1) La tabla de efectos por estado está declarada en un único punto y la consultan conceptos, facturación y pólizas 2) Una operación no admisible en el estado actual devuelve 409 nombrando el estado 3) Adjuntar documentos y consultar funcionan en todos los estados 4) Las cinco acciones de transición están declaradas como permisos en las rutas",Alta,Dev Backend,PRO-BE-18 FND-BE-13,Pendiente,12,Medio,PR y matriz de pruebas de operación por estado,Proceso,ADR-0017 B9
PRO-BE-21,Pólizas,Pólizas,"Como usuario necesito que el valor asegurado se calcule solo, a partir de la base que define el tipo de póliza.",Endpoint y service de pólizas con valor asegurado derivado y versionado transaccional,Backend,"El valor asegurado se calcula aplicando el porcentaje sobre la base determinada por el tipo, evaluada sobre el concepto amparado, y no se captura ni se almacena. La modificación de una póliza vigente genera una versión nueva, no una edición en sitio: la anterior queda cerrada con su periodo de validez.","1) El valor asegurado nunca se acepta del cliente ni se persiste 2) La póliza registra la clave de la base con la que fue calculada, copiada del tipo al emitir 3) Versionar cierra la versión anterior y abre la nueva en una sola transacción, con una sola vigente 4) Se valida que el concepto amparado pertenezca al contrato de la póliza",Alta,Dev Backend,PRO-BD-20 MAE-BE-10 FND-BE-24 DEC-04,Pendiente,18,Alto,PR y pruebas de versionado y de cálculo de valor asegurado,Proceso,"ADR-0018, 0019"
PRO-BE-22,Pólizas,Cobertura de pólizas,Como usuario necesito ver qué conceptos del contrato no tienen póliza.,Query SQL: consulta de cobertura y estado de vigencia con fecha del servidor,Backend,"Consulta que identifica los conceptos sin póliza del contrato, expuesta en el expediente y en los indicadores. El estado de vigencia se calcula con la fecha del servidor y la misma función la comparte el dashboard, de modo que la cifra y el listado no puedan divergir.",1) La consulta devuelve los conceptos sin póliza por contrato 2) La fecha de referencia proviene del servidor con zona horaria explícita 3) La función de estado de vigencia es la misma que usan los indicadores 4) Un concepto sin póliza es un hallazgo visible y no un error que impida operar,Alta,Dev Backend,PRO-BE-21 FND-BD-03,Pendiente,10,Medio,PR y comparación de la cifra del indicador con su listado,Proceso,"ADR-0018, 0002"
PRO-BE-23,Facturación,"Facturación, modelo común","Como usuario necesito registrar, aprobar y anular facturas con un ciclo de vida claro.","Reglas de negocio: máquina de estados de factura, aprobación y anulación",Backend,"Tres estados: registrada, aprobada y anulada. La aprobación es el hecho que hace que una factura cuente y exige un permiso distinto del de crear. Tras aprobar, la información financiera es inmutable: toda corrección se hace por anulación más registro nuevo. La anulación no borra, exige motivo y revierte su efecto por exclusión del cálculo.","1) Una factura aprobada no se edita: el intento devuelve 409 y ofrece anular y registrar de nuevo 2) Aprobar exige un permiso distinto del de crear 3) Anular exige motivo y, si la factura estaba aprobada, un permiso reforzado 4) El estado anulada es terminal y desaparecer de los saldos no requiere movimiento compensatorio",Crítica,Dev Backend,PRO-BD-14 PRO-BD-15 FND-BE-13 DEC-16,Pendiente,18,Alto,PR y pruebas de las transiciones válidas e inválidas,Proceso,ADR-0020
PRO-BE-24,Facturación,"Facturación, modelo común",Como usuario necesito que reenviar el formulario de una factura no genere una segunda.,Manejo de concurrencia: idempotencia y bloqueo en el registro y la aprobación de facturas,Backend,"La creación y la aprobación son idempotentes por clave. Toda transacción de facturación con contrato bloquea la fila del contrato como primera sentencia y luego la de la factura, en ese orden fijo. Los saldos se recalculan después del bloqueo, nunca antes.","1) Una repetición con la misma clave devuelve la factura ya creada o el estado ya alcanzado 2) El bloqueo del contrato es la primera sentencia y precede a toda lectura de saldos 3) Orden de bloqueo contrato y luego factura, respetado en registro, aprobación y anulación 4) Prueba de doble aprobación simultánea que produce una sola aprobación",Crítica,Dev Backend,FND-BE-25 FND-BE-27 PRO-BE-23,Pendiente,16,Alto,PR y pruebas de doble envío y de aprobación simultánea,Proceso,"ADR-0020, 0027"
PRO-BE-25,Facturación,Facturación de avance de obra,Como usuario necesito facturar el avance de la obra durante la ejecución del contrato.,"Endpoint y reglas de negocio de la facturación de avance, condicional a DEC-01",Backend,"Tarea condicional y bloqueante. Confirmada la asociación de la factura de liquidación al otrosí de liquidación, durante la ejecución la única factura de contrato es la de anticipo: no hay mecanismo para facturar avance, ni se amortiza anticipo ni se acumula retenido hasta la liquidación.",1) Se implementa solo tras resolver DEC-01 y actualizar el ADR-0021 2) El mecanismo elegido respeta el modelo común de encabezado y detalle 3) Su efecto sobre los saldos de anticipo y retenido queda declarado antes de implementar 4) No se implementa ninguna solución provisional mientras la decisión esté abierta,Crítica,Dev Backend,DEC-01 PRO-BD-13 PRO-BE-23,Pendiente,24,Alto,"Acta de DEC-01, ADR-0021 actualizado y PR",Proceso,"ADR-0021 B1, 0017"
PRO-BE-26,Facturación,Factura de liquidación,Como usuario necesito registrar la factura de liquidación asociada al otrosí de liquidación.,"Endpoint, validaciones y reglas de negocio de la factura de liquidación",Backend,"Registro del tipo liquidación con su detalle, verificando que el concepto sea de tipo otrosí de liquidación y pertenezca al contrato de la factura, que el contrato esté en liquidación y que el proveedor sea el del contrato. La amortización y el retenido se registran como movimientos con valor por defecto calculado.","1) El concepto asociado es de tipo otrosí de liquidación y del mismo contrato 2) La factura solo se admite con el contrato en liquidación, tanto al registrar como al aprobar 3) El proveedor de la factura coincide con el del contrato 4) El límite de valor acumulado se aplica según lo que resuelva DEC-08",Crítica,Dev Backend,PRO-BD-18 PRO-BE-23 PRO-BE-36 DEC-03 DEC-08,Pendiente,20,Alto,"PR y pruebas de concepto ajeno, estado no admisible y proveedor distinto",Proceso,ADR-0021
PRO-BE-27,Facturación,Factura de anticipo,Como usuario necesito que no se facture más anticipo del pactado.,Validaciones y reglas de negocio de la factura de anticipo,Backend,"El valor de la factura de anticipo no puede superar el anticipo por facturar, verificado al registrar y de nuevo al aprobar bajo bloqueo. Se admiten varias facturas de anticipo mientras quede saldo por facturar. Solo es admisible con el contrato en ejecución.","1) El tope se revalida en la aprobación y no solo en el registro 2) Superado el anticipo pactado, el rechazo indica el pactado y el ya facturado 3) Solo se admite con el contrato en ejecución, al registrar y al aprobar 4) Las facturas registradas no reservan saldo y la segunda aprobación puede rechazarse",Alta,Dev Backend,PRO-BD-17 PRO-BE-29 PRO-BE-24,Pendiente,12,Alto,PR y prueba de dos registros que superan el pactado al aprobar el segundo,Proceso,"ADR-0021, 0024 I1"
PRO-BE-28,Facturación,Información financiera del contrato,Como usuario necesito ver el estado financiero del contrato antes de registrar una factura.,Endpoint único de información financiera del contrato,Backend,"Un solo endpoint entrega a los tres formularios el anticipo pactado, el facturado, el que queda por facturar, el amortizado, el pendiente por amortizar, el retenido acumulado, el devuelto y el saldo de retenido. Se calcula en cada consulta y nunca se almacena: las facturas aprobadas son los movimientos y no existe tabla auxiliar de saldos.","1) Las ocho magnitudes se calculan en el servidor en cada consulta 2) No existe ninguna tabla ni columna de saldos 3) El mismo servicio de saldos alimenta el panel, las validaciones y el evaluador de liquidación 4) Solo las facturas aprobadas intervienen en el cálculo",Crítica,Dev Backend,PRO-BE-29 PRO-BE-31,Pendiente,10,Medio,PR y pruebas que comparan el panel con el cálculo esperado,Proceso,"ADR-0021, 0024, 0025"
PRO-BE-29,Amortización de anticipo,Saldos de anticipo,Como usuario necesito que el sistema calcule cuánto anticipo queda por amortizar.,"Service: cálculo único de la base, el anticipo pactado, el facturado y el amortizado",Backend,"Servicio único que calcula las cinco magnitudes del anticipo a partir de los conceptos no anulados y de las facturas aprobadas. Ninguna se almacena. La amortización se mide contra el anticipo facturado, no contra el pactado: se amortiza lo que efectivamente se entregó.","1) Las magnitudes se calculan siempre bajo el bloqueo del contrato, nunca antes 2) Aritmética decimal exacta en todo el cálculo 3) El porcentaje por defecto de amortización se resuelve según DEC-05 4) Un otrosí posterior que reduzca el anticipo pactado por debajo del facturado no invalida lo ya entregado",Crítica,Dev Backend,FND-BE-28 FND-BE-25 PRO-BD-21 DEC-05,Pendiente,16,Alto,PR y pruebas del ciclo completo de anticipo y amortización,Proceso,ADR-0024
PRO-BE-30,Amortización de anticipo,Invariantes de anticipo,Como responsable financiero necesito que nunca se amortice más de lo entregado.,Reglas de negocio y permisos: invariantes I1 e I2 y permiso de ajuste de amortización,Backend,"I1 exige que el anticipo facturado no supere el pactado; I2 que el amortizado no supere el facturado. Ambas se verifican al registrar, con carácter definitivo al aprobar y también al anular. Apartarse del valor por defecto de amortización exige un permiso propio.",1) Ambas invariantes se revalidan en la aprobación bajo bloqueo y no solo en el registro 2) Anular una factura de anticipo aprobada solo se admite si después se sigue cumpliendo I2 3) El valor de amortización solo se modifica dentro del rango admitido y con el permiso correspondiente 4) Se guardan como evidencia el porcentaje por defecto vigente y el porcentaje aplicado,Crítica,Dev Backend,PRO-BE-29 PRO-BE-24 FND-BE-13 DEC-19,Pendiente,14,Alto,"PR y pruebas de I1 e I2 en registro, aprobación y anulación",Proceso,ADR-0024
PRO-BE-31,Retenido contractual,Saldos de retenido,Como usuario necesito ver cuánto retenido se ha acumulado y cuánto queda por devolver.,"Service: ampliar el cálculo de saldos con el retenido pactado, acumulado y devuelto",Backend,"Ampliar el servicio de saldos con el retenido pactado, el acumulado desde las facturas de liquidación aprobadas y el devuelto desde las facturas de devolución aprobadas. El saldo es la diferencia y es único por contrato. El retenido contractual es distinto de las retenciones tributarias y debe presentarse por separado.",1) Las magnitudes se calculan bajo bloqueo y con aritmética decimal exacta 2) El retenido contractual no se mezcla con las retenciones tributarias en ninguna capa 3) La base y el porcentaje por defecto se resuelven según DEC-05 4) El tope I4 se implementa solo si DEC-11 lo adopta,Crítica,Dev Backend,PRO-BE-29 DEC-05 DEC-11,Pendiente,12,Alto,PR y pruebas del ciclo de retenido y devolución,Proceso,ADR-0025
PRO-BE-32,Retenido contractual,Devolución de retenido,Como usuario necesito que no se devuelva más retenido del acumulado.,"Endpoint, reglas de negocio y permisos de la devolución de retenido",Backend,"Registro del tipo devolución con su detalle, cuyo valor no supera el saldo de retenido, verificado al registrar y con carácter definitivo al aprobar. Se admiten varias devoluciones mientras quede saldo, y las registradas no reservan saldo. Solo es admisible con el contrato en liquidación.","1) I3 se revalida en la aprobación bajo bloqueo 2) Anular una factura de liquidación aprobada solo se admite si después se sigue cumpliendo I3 3) El rechazo por exceso indica el saldo vigente, que puede haber cambiado desde que se abrió el formulario 4) Apartarse del valor por defecto de retenido exige el permiso correspondiente",Crítica,Dev Backend,PRO-BD-19 PRO-BE-31 PRO-BE-24 DEC-19,Pendiente,14,Alto,"PR y pruebas de I3 en registro, aprobación y anulación",Proceso,ADR-0025
PRO-BE-33,Facturación,Factura simple,Como usuario necesito registrar facturas de proveedor sin contrato imputadas a una etapa de obra.,Endpoint y validaciones del registro de factura simple,Backend,"Registro del tipo simple dentro del módulo común, sin contrato y con etapa obligatoria que determina la obra. El proveedor debe estar asignado a esa obra. La composición económica se obtiene del módulo de cálculo común, sin implementación propia.","1) El contrato es nulo, garantizado por el CHECK del esquema 2) Un proveedor no asignado a la obra de la etapa devuelve 409 3) Los importes calculados enviados por el cliente se ignoran y se recalculan en el servidor 4) La etapa pasa a opcional solo si DEC-02 confirma facturas simples sin obra",Alta,Dev Backend,PRO-BD-16 PRO-BE-23 PRO-BE-36 DEC-02,Pendiente,14,Alto,PR y pruebas de proveedor no asignado y de importes ignorados,Proceso,ADR-0023
PRO-BE-34,Dashboard,Indicadores,"Como usuario necesito ver cuántos contratos tienen pólizas vigentes, por vencer o vencidas.","Endpoint, controller y service de indicadores por agregación SQL",Backend,"Los indicadores se calculan en la base de datos mediante agregación y el frontend solo los presenta. Las categorías son mutuamente excluyentes y colectivamente exhaustivas: todo contrato pertenece a exactamente una y la suma es igual al total del universo consultado. La categoría de un contrato con varias pólizas se determina por la póliza de mayor exposición, para no contar pólizas en lugar de contratos.","1) La suma de las categorías es igual al total de contratos del universo consultado 2) Sin fecha de vigencia y sin póliza son categorías explícitas, no exclusiones silenciosas 3) La fecha de referencia proviene del servidor con zona horaria explícita 4) El umbral de por vencer es configuración consultable, no una constante en el código",Alta,Dev Backend,PRO-BE-22 PRO-BD-24 FND-BD-03,Pendiente,18,Medio,PR y prueba que verifica que las categorías suman el total,Proceso,ADR-0002
PRO-BE-35,Dashboard,Indicadores,Como usuario necesito que al pulsar un indicador el listado muestre exactamente los mismos registros.,"Query SQL y permisos: mismo predicado para indicador y listado, y universo restringido por permisos",Backend,"El filtrado por clic ocurre en el backend y reutiliza exactamente el mismo criterio que produjo la cifra: el indicador y su listado comparten la definición del predicado y no se reimplementa en dos lugares. Además, los indicadores agregan solo sobre los registros que el usuario puede consultar.",1) El predicado está definido una sola vez y lo usan la agregación y el listado 2) La cifra del indicador coincide siempre con la cantidad de filas de su listado 3) Un usuario sin permiso de consulta de un módulo no ve sus cifras agregadas 4) Prueba automatizada que compara cifra y listado para cada categoría,Alta,Dev Backend,PRO-BE-34 FND-BE-13,Pendiente,12,Medio,PR y prueba de coincidencia entre cifra y listado,Proceso,ADR-0002
PRO-BE-36,Cálculo,Módulo de cálculo,"Como área contable necesito que todos los importes se calculen igual, en un solo lugar y de forma trazable.","Service: módulo de cálculo puro y versionado, con endpoint de previsualización",Backend,"Un único módulo de cálculo formado por funciones puras, sin acceso a base de datos ni efectos, que recibe los datos capturados y devuelve la composición completa. Las fórmulas se versionan: cada factura guarda la versión con que se calculó y se recalcula siempre con esa versión; una versión publicada no se modifica. El frontend no reimplementa fórmulas: obtiene la previsualización de un endpoint que ejecuta el mismo módulo sin persistir nada.","1) Ningún importe calculado se acepta del cliente: si la petición lo trae, se ignora 2) La versión de fórmula queda registrada en cada factura y el recálculo la respeta 3) El endpoint de previsualización no persiste nada 4) Las fórmulas de DEC-02, DEC-03 y DEC-07 están validadas por contabilidad antes de implementarse",Crítica,Dev Backend + Área contable,FND-BE-28 DEC-02 DEC-03 DEC-07,Pendiente,32,Alto,"PR del módulo, suite de casos validados por contabilidad y acta de validación",Proceso,ADR-0026
PRO-BE-37,Cálculo,Configuración de cálculo,Como administrador necesito configurar las tarifas por defecto y si el contrato solicita AIU.,Endpoint y service de tarifas con vigencia y de la cadena del AIU,Backend,"Configuración de tarifas tributarias con vigencia, que se copian a la factura al capturarlas, y resolución de la cadena del AIU: el tipo de contrato declara si aplica, el contrato puede apagarlo con permiso propio y auditoría, el concepto pacta los porcentajes y la factura congela el de utilidad.","1) Cambiar una tarifa no altera ninguna factura ya registrada 2) Apagar el AIU en un contrato exige permiso propio y queda en la bitácora funcional 3) Los porcentajes por defecto de anticipo, retenido y utilidad son razones sobre la misma base del contrato 4) Facturada toda la base, los tres porcentajes cierran exactamente",Alta,Dev Backend,PRO-BD-22 PRO-BD-23 PRO-BE-36,Pendiente,14,Alto,PR y prueba de cierre exacto facturando la base completa,Proceso,ADR-0026
PRO-BE-38,Integridad transaccional,Operaciones críticas del CORE,Como responsable técnico necesito que las once operaciones críticas sigan el mismo protocolo transaccional.,Transacciones: aplicar el protocolo de bloqueo al catálogo de operaciones críticas,Backend,"Aplicar a cada una de las once operaciones críticas el protocolo completo: escrituras, historial y auditoría en una sola transacción, bloqueos en el orden fijo, validaciones bajo bloqueo, idempotencia y operaciones externas siempre después del commit.","1) Cada operación del catálogo tiene documentado su conjunto de escrituras, bloqueos, validaciones y clave de idempotencia 2) Ninguna subida de archivo, correo ni notificación ocurre dentro de la transacción 3) Las transacciones son cortas: sin validaciones remotas ni cálculos costosos bajo bloqueo 4) Revisión que confirma que ninguna escritura del CORE usa una conexión distinta a la de su transacción",Crítica,Dev Backend + Tech Lead,FND-BE-24 FND-BE-25 FND-BE-27 PRO-BE-24,Pendiente,20,Alto,Catálogo documentado y revisión de código firmada por operación,Proceso,ADR-0027
PRO-BE-39,Integridad transaccional,Auditoría de facturación,Como auditor necesito la evidencia de con qué cifras se aprobó cada factura.,Auditoría: instantánea de composición y saldos al aprobar una factura,Backend,"Al aprobar se registra en la auditoría una instantánea de la composición de la factura y de los saldos del contrato, conservada como evidencia y no como fuente de cálculo. El recálculo sigue haciéndose con la versión de fórmula registrada.",1) La instantánea se escribe en la misma transacción de la aprobación 2) Se conserva como evidencia y ningún cálculo posterior la usa como fuente 3) Incluye los saldos antes y después de la aprobación 4) Una consulta reconstruye la evidencia de una factura concreta,Alta,Dev Backend,PRO-BE-23 FND-BE-22 PRO-BE-36,Pendiente,10,Medio,PR y consulta de reconstrucción de la evidencia de una factura,Proceso,"ADR-0027, 0013, 0026"
PRO-BE-40,Facturación,Facturación de subcontratista,Como usuario necesito facturar a subcontratistas con el mismo modelo que a los contratistas mayores.,"Service: resolver el tipo de proveedor desde el contrato, sin endpoints propios",Backend,"La facturación de subcontratista usa exactamente el mismo modelo: los mismos tipos, tablas de detalle, reglas de admisibilidad, saldos y validaciones. La distinción es un atributo del proveedor del contrato y se deriva de la cadena factura, contrato, proveedor y tipo: no se copia en la factura. Si alguna hipótesis se confirma, la regla se incorpora en el servicio común y nunca como un modelo paralelo.","1) No existe ninguna columna de subcontratista en la factura ni tablas de detalle propias 2) La distinción se resuelve por consulta desde el contrato 3) Ninguna regla diferenciada se implementa sin que DEC-09 la confirme 4) Si se confirma alguna hipótesis, se incorpora al ADR que corresponda antes de codificarla",Media,Dev Backend,MAE-BD-11 PRO-BE-26 DEC-09,Pendiente,6,Alto,PR de la resolución por consulta y acta de DEC-09,Proceso,ADR-0022
PRO-FE-01,Obras,Obras,Como usuario necesito consultar y filtrar el listado de obras.,"Vista de listado de obras con filtros, ruta, menú y archivo de API",Frontend,"Listado con los componentes existentes de tabla, filtros, chip de estado y pestañas por estado, más la entrada de menú, la ruta y el archivo de API. Los filtros se aplican en la petición y no en memoria.",1) El listado consume la API con filtros y ordenamiento en la petición 2) Las obras no desaparecen del listado cuando su constructora o su tipo están inactivos 3) Entrada de menú y ruta registradas 4) Funciona en ancho de teléfono sin desbordamiento horizontal,Alta,Dev Frontend,PRO-BE-03 MAE-FE-01,Pendiente,12,Bajo,PR y capturas del listado en escritorio y teléfono,Proceso,ADR-0011
PRO-FE-02,Obras,Obras,"Como usuario necesito capturar la obra con sus responsables, etapas y contactos en un solo formulario.",Formulario de obra con las tres colecciones editables y alta en línea de responsables,Frontend,"Formulario largo con tres subcomponentes de colección editable, con alta, modificación y baja en memoria, persistidos junto con la obra. El tipo de campo de lista con alta pendiente del componente de formularios resuelve el caso de responsable existente o nuevo. El componente de contactos se comparte con el formulario de proveedor.","1) Las tres colecciones se editan en memoria y se envían con la obra en una sola petición 2) La validación completa se ejecuta en el cliente antes de enviar, para no perder el trabajo de un formulario largo 3) El componente de contactos es el mismo que usa el formulario de proveedor 4) Si el tipo de contrato configura campos, el formulario se alimenta con descriptores del backend",Alta,Dev Frontend,PRO-BE-01 PRO-BE-02 MAE-FE-09,Pendiente,32,Medio,PR y grabación del flujo completo de alta de obra,Proceso,ADR-0011
PRO-FE-03,Proveedores,Proveedores,Como usuario necesito mantener el maestro de proveedores con sus contactos.,Vista de listado y formulario de proveedor con gestión de contactos,Frontend,"Listado, formulario y gestión de contactos múltiples con el componente compartido con obras. La búsqueda por documento es reactiva y advierte de la coincidencia antes de que el usuario complete el formulario.","1) La advertencia de coincidencia aparece al capturar tipo y número, antes de completar el resto 2) El componente de contactos es el compartido y permite marcar uno como principal 3) Entrada de menú, ruta y archivo de API registrados 4) Selector de tipo de identificación y de tipo de proveedor restringidos a activos",Alta,Dev Frontend,PRO-BE-05 MAE-FE-06 MAE-FE-07,Pendiente,20,Medio,PR y captura de la advertencia de coincidencia,Proceso,ADR-0012
PRO-FE-04,Proveedores,Asignación proveedor-obra,Como usuario necesito que si el proveedor ya existe el sistema me deje asignarlo directamente.,Componente de asignación de proveedores en el formulario de obra con flujos convergentes,Frontend,"Dos flujos que convergen: agregar proveedor existente por búsqueda y crear proveedor nuevo. Ante un 409 por documento duplicado la interfaz ofrece directamente la acción de asignar el proveedor existente, no solo muestra el error.",1) Ambos flujos terminan en la asignación del proveedor a la obra 2) El 409 por duplicado ofrece la acción de asignar el existente con un solo clic 3) Un proveedor ya asignado no aparece como candidato de asignación 4) Desasignar advierte que el proveedor permanece en el maestro,Alta,Dev Frontend,PRO-BE-06 PRO-BE-07 PRO-FE-02,Pendiente,16,Medio,PR y grabación del flujo con documento duplicado,Proceso,ADR-0012
PRO-FE-05,Contratos,Contratos,Como usuario necesito consultar los contratos y abrir el expediente de cada uno.,Vista de listado de contratos y estructura del expediente,Frontend,"Listado con filtros y pestañas por estado, y vista de expediente que agrupa datos contractuales, conceptos, pólizas, facturas, historial de estado y documentos.",1) El listado consume la API con filtros y ordenamiento en la petición 2) El expediente agrupa las seis secciones y la consulta nunca se bloquea por estado 3) El estado se presenta con el chip y el color del catálogo 4) Entrada de menú y ruta registradas,Alta,Dev Frontend,PRO-BE-09 MAE-FE-01,Pendiente,16,Bajo,PR y capturas del listado y del expediente,Proceso,ADR-0015
PRO-FE-06,Contratos,Contratos,Como usuario necesito capturar el contrato y ver la fecha fin que resulta de su plazo.,Formulario de contrato con descriptores del tipo y fecha fin derivada en solo lectura,Frontend,"Formulario alimentado con los descriptores de campo del tipo de contrato. La fecha fin se muestra en solo lectura con indicación de su origen derivado, y los selectores de etapa y proveedor se filtran por la obra seleccionada. El cliente puede previsualizar fechas, pero el valor persistido es el del servidor.",1) La fecha fin es de solo lectura y se indica que es derivada 2) Los selectores de etapa y proveedor se filtran por la obra elegida 3) Ningún cálculo del cliente reemplaza el valor devuelto por el servidor 4) El campo de fecha de vencimiento no aparece mientras DEC-12 esté abierta,Alta,Dev Frontend,PRO-BE-09 PRO-BE-10 MAE-FE-09,Pendiente,20,Medio,PR y captura del formulario con fecha fin derivada,Proceso,ADR-0015
PRO-FE-07,Contratos,Conceptos contractuales,Como usuario necesito ver cómo se compone el valor del contrato a lo largo del tiempo.,Vista del valor del contrato y diálogos separados de otrosí y otrosí de liquidación,Frontend,"Lista cronológica de conceptos con el valor vigente acumulado. Diálogos separados para el otrosí ordinario y para el de liquidación, con confirmación explícita en el segundo por su efecto sobre el estado del contrato. El número de otrosí se muestra tras guardar y nunca se captura.","1) El orden es cronológico por fecha de inicio, con el número de otrosí como desempate 2) El diálogo del otrosí de liquidación advierte que el contrato pasará a en liquidación 3) El número de otrosí es de solo lectura y aparece tras guardar 4) La interfaz explica por qué un concepto con facturas no es editable y ofrece la corrección por otrosí",Alta,Dev Frontend,PRO-BE-14 PRO-BE-15 PRO-BE-16,Pendiente,20,Medio,PR y capturas de la lista de conceptos y del diálogo de liquidación,Proceso,ADR-0016
PRO-FE-08,Estados de contrato,Estados de contrato,Como usuario necesito saber qué falta para que el contrato quede liquidado.,"Acciones de transición, vista de historial y presentación de la condición faltante",Frontend,"El cambio de estado no es un campo del formulario: es una acción propia con diálogo de confirmación y captura de motivo, fecha y condición de levantamiento. Las opciones ofrecidas provienen del backend según el estado actual. Cuando el contrato no liquida, la interfaz muestra qué condición falta, que es el dato más útil para el usuario.","1) Las opciones de transición se reciben del backend y no se calculan en el cliente 2) El diálogo de suspensión captura los seis atributos y la condición de levantamiento es obligatoria 3) La condición de liquidación que falta se muestra en el expediente con su valor pendiente 4) La vista de historial muestra estado anterior, nuevo, origen, motivo, usuario y fecha",Alta,Dev Frontend,PRO-BE-17 PRO-BE-18 PRO-BE-19,Pendiente,18,Medio,PR y captura del expediente mostrando la condición faltante,Proceso,ADR-0017
PRO-FE-09,Pólizas,Pólizas,Como usuario necesito ver las pólizas del contrato y qué conceptos quedaron sin amparo.,Sección de pólizas del expediente con indicador de conceptos sin póliza e historial de versiones,Frontend,"Sección dentro del expediente con el concepto amparado visible en cada fila, el indicador de conceptos sin póliza, el valor asegurado calculado en solo lectura con la base indicada para que se entienda de dónde sale, y el historial de versiones consultable.",1) Cada fila muestra el concepto amparado y la base aplicada 2) El valor asegurado es de solo lectura y se explica su composición 3) Los conceptos sin póliza aparecen como hallazgo visible en el expediente 4) El selector de concepto se filtra por el contrato y el historial de versiones es consultable,Alta,Dev Frontend,PRO-BE-21 PRO-BE-22 MAE-FE-10,Pendiente,16,Medio,PR y captura de la sección con conceptos sin póliza,Proceso,ADR-0018
PRO-FE-10,Facturación,Facturación,Como usuario necesito consultar todas las facturas y aprobar o anular desde el listado.,Listado transversal de facturas con acciones de aprobar y anular,Frontend,"Listado con filtros por tipo, estado, proveedor, obra y etapa, con pestañas por estado y acciones de aprobación y anulación como acciones propias con confirmación, nunca como campos del formulario. La interfaz explica por qué una factura aprobada no es editable y ofrece anular y registrar de nuevo.","1) Aprobar y anular son acciones con diálogo de confirmación y motivo cuando corresponde 2) Las acciones se ocultan según los permisos, entendido como control de experiencia 3) El intento de editar una factura aprobada explica la razón y ofrece la alternativa 4) Filtros y ordenamiento se aplican en la petición",Alta,Dev Frontend,PRO-BE-23 MAE-FE-01,Pendiente,18,Medio,PR y capturas del listado y de los diálogos de aprobación y anulación,Proceso,ADR-0020
PRO-FE-11,Facturación,Facturación de avance de obra,Como usuario necesito un formulario para facturar el avance de la obra durante la ejecución.,"Formulario de facturación de avance, condicional a DEC-01",Frontend,Tarea condicional: el formulario depende por completo del mecanismo que resuelva la decisión sobre cómo se factura el avance durante la ejecución. No se construye ninguna pantalla provisional mientras la decisión esté abierta.,1) Se construye solo tras resolver DEC-01 y actualizar el ADR-0021 2) Sigue el mismo patrón de previsualización por servidor que el resto de formularios de factura 3) Genera su clave de idempotencia al abrir el formulario 4) No se entrega ninguna pantalla provisional,Crítica,Dev Frontend,DEC-01 PRO-BE-25,Pendiente,16,Alto,Acta de DEC-01 y PR del formulario,Proceso,ADR-0021 B1
PRO-FE-12,Facturación,Facturas de contrato,Como usuario necesito ver el estado financiero del contrato mientras registro la factura.,"Formularios de anticipo, liquidación y devolución con panel de información financiera",Frontend,"Los tres formularios con selección de proveedor y contrato y el panel financiero de solo lectura servido por el backend. En la liquidación, la amortización y el retenido vienen precargados con su valor por defecto y solo son editables con permiso; si se modifican, se muestran ambos valores. Los tipos admisibles se filtran según el estado del contrato recibido del servidor.","1) El panel financiero muestra las ocho magnitudes servidas por el backend 2) Amortización y retenido precargados y editables solo con permiso, mostrando valor por defecto y aplicado 3) Los tipos de factura ofrecidos dependen del estado del contrato recibido del servidor 4) El mensaje de rechazo muestra el saldo vigente, que puede haber cambiado desde que se abrió el formulario",Crítica,Dev Frontend,PRO-BE-26 PRO-BE-27 PRO-BE-28 PRO-BE-32,Pendiente,32,Alto,PR y capturas de los tres formularios con el panel financiero,Proceso,"ADR-0021, 0024, 0025"
PRO-FE-13,Facturación,Factura simple,Como usuario necesito registrar una factura simple viendo con claridad el precio y lo que se va a pagar.,Formulario de factura simple en dos bloques de precio y pago,Frontend,"Formulario sin selector de contrato y con selector de etapa filtrado por las obras del proveedor. Los importes se presentan en dos bloques: precio, con valor, descuento, subtotal, IVA, flete y total facturado; y pago, con retenciones, descuento por pronto pago y neto a pagar.",1) No hay selector de contrato y la etapa se filtra por las obras del proveedor 2) Los dos bloques están claramente separados y los calculados son de solo lectura 3) La previsualización proviene del endpoint del servidor y no de fórmulas del cliente 4) Total facturado y neto a pagar se presentan con nombres distintos y no como un único total,Alta,Dev Frontend,PRO-BE-33 PRO-BE-36,Pendiente,20,Medio,PR y captura del formulario en dos bloques,Proceso,ADR-0023
PRO-FE-14,Cálculo,Previsualización de importes,"Como usuario necesito ver los importes actualizarse mientras capturo, sin que difieran de los que guarda el sistema.",Previsualización por endpoint y retirada de toda fórmula del cliente,Frontend,"El frontend no reimplementa fórmulas: la previsualización se obtiene del endpoint que ejecuta el mismo módulo de cálculo sobre el borrador del formulario, sin persistir nada. El formateador de números del cliente sirve para presentar importes y nunca para calcular, porque convierte con parseFloat.","1) No queda ninguna fórmula de importes en el cliente 2) El formateador de números solo se usa para presentar 3) La previsualización y el valor guardado coinciden siempre 4) Se adopta una sola precisión de presentación, la que resuelva DEC-06",Crítica,Dev Frontend,PRO-BE-36 DEC-06,Pendiente,14,Alto,PR y prueba que compara previsualización con valor guardado,Proceso,ADR-0026
PRO-FE-15,Dashboard,Dashboard,Como usuario necesito que el tablero muestre los datos reales del sistema y no un ejemplo.,Sustituir los datos ficticios por consumo de API y navegación con filtro en la petición,Frontend,"La vista del tablero muestra hoy datos ficticios de otro dominio. Sustituirlos por consumo de los endpoints de indicadores, reutilizando el contenedor de tarjetas existente, y hacer que el clic en un indicador navegue al listado del módulo con el filtro aplicado en la petición, no en memoria.",1) No queda ningún dato de ejemplo en la vista del tablero 2) El clic en una tarjeta navega al listado con el filtro aplicado en la petición 3) La cifra de la tarjeta coincide con la cantidad de filas del listado al que lleva 4) Archivo de API de indicadores creado,Alta,Dev Frontend,PRO-BE-34 PRO-BE-35,Pendiente,14,Bajo,PR y comparación de cifra y listado en la interfaz,Proceso,ADR-0002 B1
PRO-FE-16,Dashboard,Dashboard,Como usuario necesito ver la información del tablero también de forma gráfica y legible en ambos temas.,Representación gráfica de indicadores con verificación de contraste en tema claro y oscuro,Frontend,Las librerías de gráficos ya están disponibles en el proyecto y sin uso: son la vía natural para la representación gráfica. Antes de mostrar cualquier gráfico se debe verificar el contraste y la legibilidad en los dos temas que el proyecto ya define.,"1) Los gráficos usan las librerías ya presentes, sin añadir dependencias nuevas 2) Contraste y legibilidad verificados en tema claro y oscuro 3) Cada etiqueta del gráfico nombra un valor que el gráfico alcanza 4) Los gráficos son legibles en ancho de teléfono",Media,Dev Frontend,PRO-FE-15,Pendiente,12,Bajo,PR y capturas en tema claro y oscuro,Proceso,ADR-0002
PRO-FE-17,Integridad transaccional,Formularios del CORE,Como usuario necesito que un doble clic o un reintento no dupliquen lo que estoy registrando.,Generación de clave de idempotencia al abrir el formulario y tratamiento del reintento,Frontend,"La clave de idempotencia se genera al abrir el formulario y no al enviarlo, de modo que reenviar el mismo formulario reuse la misma clave. Deshabilitar el envío tras el primer clic es una mejora de experiencia y no un control. Ante un 503 se ofrece reintentar con la misma clave.","1) La clave se genera al abrir el formulario y sobrevive al reintento 2) El botón de envío se deshabilita tras el primer clic, declarado como mejora de experiencia 3) Un 503 ofrece reintentar reusando la misma clave 4) Aplicado a todos los formularios de creación y a todas las acciones de transición del CORE",Alta,Dev Frontend,FND-FE-03 FND-BE-27,Pendiente,10,Medio,PR y grabación de un doble envío que produce un solo registro,Proceso,ADR-0027
PRO-FE-18,Obras,Documentos,"Como usuario necesito adjuntar documentos a obras, proveedores, contratos, pólizas y facturas.",Adjuntos por entidad reutilizando el módulo de documentos existente,Frontend,"Reutilizar el módulo de documentos ya presente, ampliado a las entidades de negocio. Los documentos siempre pueden adjuntarse: un expediente cerrado sigue recibiendo soportes. La subida a almacenamiento externo ocurre después de confirmar la transacción.",1) Las cinco entidades admiten adjuntos con el mismo componente 2) Adjuntar funciona también con el contrato liquidado 3) La subida se dispara después de que la operación de negocio confirme 4) Se respeta el tipo de documento ampliado en el esquema,Media,Dev Frontend,FND-BD-11 FND-BE-31,Pendiente,14,Medio,PR y capturas de adjuntos en las cinco entidades,Proceso,"ADR-0011, 0012, 0018, 0020"
PRO-QA-01,Obras,Obras,Como responsable de calidad necesito garantizar que la obra y sus colecciones se guardan o se descartan juntas.,Pruebas de integridad del agregado de obra,QA,"Suite que verifica la atomicidad del guardado, el cálculo correcto del diferencial de las tres colecciones y la conservación de los identificadores tras una modificación.",1) Un fallo provocado en cada colección revierte toda la operación 2) El diferencial preserva los identificadores de las filas que no cambiaron 3) Guardar sin responsables es rechazado por la validación de cardinalidad 4) La suite corre en CI contra una base de datos real,Alta,QA,PRO-BE-01,Pendiente,12,Medio,Suite en CI con informe de resultados,Proceso,ADR-0011
PRO-QA-02,Estados de contrato,Estados de contrato,Como responsable de calidad necesito que ningún contrato llegue a liquidado con saldos pendientes.,Pruebas de la máquina de estados y del evaluador de condiciones de liquidación,QA,"Suite que recorre todas las transiciones válidas e inválidas y que, para cada una de las ocho condiciones de cierre, verifica que su incumplimiento aislado impide la liquidación y queda registrado.","1) Cada transición inválida devuelve 409 y no altera el estado 2) Con cada condición fallando por separado el contrato permanece en liquidación 3) La condición fallida queda registrada en el historial 4) Cumplidas todas a la vez, la transición ocurre en la misma transacción del hecho que la causó",Crítica,QA + Dev Backend,PRO-BE-17 PRO-BE-18,Pendiente,16,Alto,Suite en CI con un caso por condición,Proceso,ADR-0017
PRO-QA-03,Cálculo,Módulo de cálculo,Como área contable necesito confirmar que las cifras que produce el sistema son las correctas.,Pruebas del motor de cálculo con casos validados por contabilidad,QA,"Batería de casos de prueba construida y firmada por el área contable y tributaria, que cubre las composiciones de concepto, factura simple, anticipo, liquidación y devolución, incluidos los casos límite de redondeo.",1) Cada caso tiene su resultado esperado firmado por contabilidad antes de implementarse 2) La batería cubre las cinco composiciones y los casos límite de redondeo 3) Una versión de fórmula publicada no cambia sus resultados al añadir una versión nueva 4) La suite corre en CI en cada PR,Crítica,QA + Área contable,PRO-BE-36 DEC-02 DEC-03 DEC-06 DEC-07,Pendiente,20,Alto,Batería de casos firmada y suite en CI,Proceso,ADR-0026 B1
PRO-QA-04,Amortización de anticipo,Saldos,"Como responsable de calidad necesito que los saldos cierren en cero al liquidar, incluidas las anulaciones.",Pruebas de los ciclos de anticipo y retenido incluidas las anulaciones,QA,"Suite que recorre el ciclo completo: anticipo facturado y aprobado, liquidaciones que amortizan y acumulan retenido, devoluciones, y la anulación de cada tipo de factura verificando que los invariantes siguen cumpliéndose después.",1) Anular un anticipo ya amortizado es rechazado hasta anular primero la amortización 2) Anular una liquidación cuyo retenido ya se devolvió es rechazado hasta anular la devolución 3) Los saldos llegan exactamente a cero facturando la base completa 4) La segunda operación simultánea que excede el saldo es rechazada con el saldo vigente,Crítica,QA + Dev Backend,PRO-BE-30 PRO-BE-32,Pendiente,20,Alto,Suite en CI con el ciclo completo y las anulaciones,Proceso,"ADR-0024, 0025"
PRO-QA-05,Facturación,Facturación de subcontratista,Como analista necesito confirmar si la facturación de subcontratista tiene alguna regla propia.,Validación funcional de las hipótesis H1 a H7 de subcontratista,QA,"Revisión con el área usuaria de las siete hipótesis, empezando por las dos con consecuencias estructurales: si el contrato del subcontratista cuelga del contrato del contratista mayor, y si el descuento de materiales de la factura del contratista mayor corresponde a pagos de subcontratistas.","1) Las siete hipótesis quedan confirmadas o descartadas por escrito 2) Cada hipótesis confirmada se traslada al ADR que corresponde antes de codificarse 3) Si se confirma la dependencia entre contratos, se replantea el modelo antes de construir 4) Ninguna regla diferenciada se implementa sin confirmación",Alta,Analista funcional + Área usuaria,DEC-09,Pendiente,12,Alto,Acta de validación de las siete hipótesis y ADR actualizados,Proceso,ADR-0022 B1
PRO-QA-06,Dashboard,Indicadores,Como responsable de calidad necesito que ningún contrato desaparezca ni se cuente dos veces en el tablero.,Pruebas de exhaustividad y exclusividad de las categorías del tablero,QA,"Suite que verifica que la suma de las cinco categorías es igual al total de contratos del universo consultado, que ningún contrato aparece en dos categorías y que los casos de borde de sin fecha de vigencia y sin póliza se cuentan en su categoría.","1) La suma de categorías es igual al total en todos los conjuntos de prueba 2) Ningún contrato aparece en dos categorías 3) Un contrato con varias pólizas se cuenta una sola vez, por su póliza de mayor exposición 4) La cifra de cada indicador coincide con la cantidad de filas de su listado",Alta,QA,PRO-BE-34 PRO-BE-35,Pendiente,12,Medio,Suite en CI con conjuntos de prueba de casos de borde,Proceso,ADR-0002